symbol,Date,Open,High,Low,Close/Last,Volume
BKNG,2025-02-12,5010.4599609375,5018.60986328125,5010.4599609375,5018.60986328125,10165
BKNG,2025-02-12,5007.52001953125,5009.84521484375,5007.52001953125,5009.84521484375,3712
BKNG,2025-02-12,5001.41015625,5003.4599609375,5000.77978515625,5002.39990234375,6584
BKNG,2025-02-12,5001.66015625,5001.66015625,5001.56005859375,5001.56005859375,1040
BKNG,2025-02-12,4992.0849609375,4992.0849609375,4992.0849609375,4992.0849609375,3699
BKNG,2025-02-12,4991.64013671875,4994.85498046875,4991.64013671875,4994.85498046875,983
BKNG,2025-02-12,4986.66015625,4994.40478515625,4986.66015625,4993.93017578125,4461
BKNG,2025-02-12,4987.35986328125,4987.35986328125,4987.35986328125,4987.35986328125,1305
BKNG,2025-02-12,4981.66015625,4981.66015625,4981.66015625,4981.66015625,613
BKNG,2025-02-12,4979.89501953125,4979.89501953125,4979.89501953125,4979.89501953125,380
BKNG,2025-02-12,4976.1650390625,4976.1650390625,4974.33984375,4975.0,3720
BKNG,2025-02-12,4974.0498046875,4974.0498046875,4974.0498046875,4974.0498046875,2862
BKNG,2025-02-12,4973.72509765625,4973.72509765625,4973.59521484375,4973.59521484375,2068
BKNG,2025-02-12,4967.98779296875,4967.98779296875,4967.22998046875,4967.4599609375,4635
BKNG,2025-02-12,4966.10498046875,4966.10498046875,4966.10498046875,4966.10498046875,6969
BKNG,2025-02-12,4963.18505859375,4963.18505859375,4963.18505859375,4963.18505859375,3524
BKNG,2025-02-12,4962.0400390625,4963.18017578125,4962.0400390625,4963.18017578125,1300
BKNG,2025-02-12,4962.58984375,4962.58984375,4962.58984375,4962.58984375,816
BKNG,2025-02-12,4963.26513671875,4963.26513671875,4963.26513671875,4963.26513671875,702
BKNG,2025-02-12,4968.1748046875,4968.1748046875,4959.60986328125,4959.60986328125,2243
BKNG,2025-02-12,4959.61181640625,4959.61181640625,4959.61181640625,4959.61181640625,134
BKNG,2025-02-12,4966.02978515625,4966.02978515625,4966.02978515625,4966.02978515625,1586
BKNG,2025-02-12,4977.21630859375,4977.21630859375,4977.21630859375,4977.21630859375,1675
BKNG,2025-02-12,4970.78515625,4970.78515625,4970.78515625,4970.78515625,2090
BKNG,2025-02-12,4965.990234375,4965.990234375,4965.990234375,4965.990234375,206
BKNG,2025-02-12,4965.0,4965.0,4965.0,4965.0,784
BKNG,2025-02-12,4966.14990234375,4966.14990234375,4966.14990234375,4966.14990234375,2786
BKNG,2025-02-12,4964.5,4964.5,4964.5,4964.5,2095
BKNG,2025-02-12,4967.4912109375,4967.4912109375,4964.8701171875,4964.8701171875,986
BKNG,2025-02-12,4970.759765625,4976.984375,4970.759765625,4976.984375,2017
BKNG,2025-02-12,4976.984375,4976.984375,4976.984375,4976.984375,417
BKNG,2025-02-12,4976.98583984375,4976.98583984375,4976.98583984375,4976.98583984375,347
BKNG,2025-02-12,4973.638671875,4973.638671875,4973.638671875,4973.638671875,1181
BKNG,2025-02-12,4979.22119140625,4979.22119140625,4979.22119140625,4979.22119140625,2033
BKNG,2025-02-12,4979.2900390625,4979.2900390625,4979.2900390625,4979.2900390625,295
BKNG,2025-02-12,4980.73583984375,4980.73583984375,4980.73583984375,4980.73583984375,339
BKNG,2025-02-12,4978.0,4978.0,4978.0,4978.0,109
BKNG,2025-02-12,4981.21728515625,4981.73486328125,4981.21728515625,4981.73486328125,715
BKNG,2025-02-12,4979.43017578125,4980.23583984375,4979.43017578125,4980.23583984375,1063
BKNG,2025-02-12,4978.134765625,4978.134765625,4978.134765625,4978.134765625,710
BKNG,2025-02-12,4974.4599609375,4980.5,4974.4599609375,4980.5,466
BKNG,2025-02-12,4978.134765625,4978.134765625,4978.134765625,4978.134765625,931
BKNG,2025-02-12,4979.580078125,4979.580078125,4979.580078125,4979.580078125,374
BKNG,2025-02-12,4980.4326171875,4980.580078125,4980.4326171875,4980.580078125,916
BKNG,2025-02-12,4981.81005859375,4981.81005859375,4979.66015625,4979.66015625,1203
BKNG,2025-02-12,4982.7099609375,4984.9599609375,4981.0,4981.0,1277
BKNG,2025-02-12,4974.18994140625,4974.18994140625,4974.18994140625,4974.18994140625,1721
BKNG,2025-02-12,4975.39990234375,4975.39990234375,4975.39990234375,4975.39990234375,156
BKNG,2025-02-12,4973.60009765625,4973.60009765625,4973.60009765625,4973.60009765625,1206
BKNG,2025-02-12,4971.56494140625,4971.56494140625,4971.56494140625,4971.56494140625,196
BKNG,2025-02-12,4973.0,4973.0,4973.0,4973.0,297
BKNG,2025-02-12,4974.60009765625,4974.8701171875,4974.60009765625,4974.8701171875,1938
BKNG,2025-02-12,4974.93994140625,4977.97998046875,4974.93994140625,4977.97998046875,366
BKNG,2025-02-12,4968.77978515625,4968.77978515625,4968.77978515625,4968.77978515625,1518
BKNG,2025-02-12,4963.31982421875,4971.0,4963.31982421875,4971.0,629
BKNG,2025-02-12,4961.830078125,4961.830078125,4961.830078125,4961.830078125,341
BKNG,2025-02-12,4963.525390625,4963.525390625,4963.525390625,4963.525390625,311
BKNG,2025-02-12,4966.77001953125,4966.77001953125,4955.31005859375,4955.31005859375,1593
BKNG,2025-02-12,4945.759765625,4945.759765625,4945.759765625,4945.759765625,1915
BKNG,2025-02-12,4951.10498046875,4951.10498046875,4951.10498046875,4951.10498046875,1210
BKNG,2025-02-12,4948.2099609375,4948.2099609375,4948.2099609375,4948.2099609375,151
BKNG,2025-02-12,4955.43017578125,4955.43017578125,4955.43017578125,4955.43017578125,2392
BKNG,2025-02-12,4960.9599609375,4960.9599609375,4960.9599609375,4960.9599609375,1274
BKNG,2025-02-12,4969.0,4969.0,4969.0,4969.0,335
BKNG,2025-02-12,4966.60986328125,4969.0849609375,4966.60986328125,4969.0849609375,1513
BKNG,2025-02-12,4968.06005859375,4968.06005859375,4968.06005859375,4968.06005859375,115
BKNG,2025-02-12,4966.62109375,4966.62109375,4966.62109375,4966.62109375,561
BKNG,2025-02-12,4956.10986328125,4960.9599609375,4956.10986328125,4960.9599609375,674
BKNG,2025-02-12,4953.97021484375,4953.97021484375,4953.97021484375,4953.97021484375,1417
BKNG,2025-02-12,4950.39013671875,4950.39013671875,4946.68017578125,4946.68017578125,1862
BKNG,2025-02-12,4952.39013671875,4952.39013671875,4951.21484375,4951.21484375,1330
BKNG,2025-02-12,4941.06982421875,4941.06982421875,4941.06982421875,4941.06982421875,1319
BKNG,2025-02-12,4939.06982421875,4939.06982421875,4939.06982421875,4939.06982421875,393
BKNG,2025-02-12,4942.02978515625,4942.02978515625,4942.02978515625,4942.02978515625,238
BKNG,2025-02-12,4941.2998046875,4941.2998046875,4941.2998046875,4941.2998046875,283
BKNG,2025-02-12,4936.49169921875,4936.49169921875,4936.49169921875,4936.49169921875,479
BKNG,2025-02-12,4941.0,4941.0,4941.0,4941.0,356
BKNG,2025-02-12,4945.18505859375,4950.2099609375,4945.18505859375,4946.419921875,2268
BKNG,2025-02-12,4941.3798828125,4941.3798828125,4941.3798828125,4941.3798828125,671
BKNG,2025-02-12,4943.3798828125,4943.3798828125,4943.3798828125,4943.3798828125,460
BKNG,2025-02-12,4948.0,4948.0,4936.2099609375,4936.2099609375,1868
BKNG,2025-02-12,4935.2998046875,4935.2998046875,4935.2998046875,4935.2998046875,1432
BKNG,2025-02-12,4934.64990234375,4934.64990234375,4934.64990234375,4934.64990234375,180
BKNG,2025-02-12,4940.7099609375,4940.7099609375,4934.06005859375,4934.06005859375,1453
BKNG,2025-02-12,4929.9951171875,4929.9951171875,4929.9951171875,4929.9951171875,3485
BKNG,2025-02-12,4924.990234375,4925.0,4924.990234375,4925.0,1125
BKNG,2025-02-12,4919.78515625,4919.78515625,4915.4501953125,4915.4501953125,1231
BKNG,2025-02-12,4907.75,4907.75,4907.75,4907.75,2188
BKNG,2025-02-12,4897.7900390625,4897.7900390625,4894.7900390625,4894.7900390625,3489
BKNG,2025-02-12,4888.31982421875,4888.31982421875,4888.31982421875,4888.31982421875,755
BKNG,2025-02-12,4889.6748046875,4889.6748046875,4889.6748046875,4889.6748046875,247
BKNG,2025-02-12,4889.68017578125,4889.68017578125,4889.68017578125,4889.68017578125,462
BKNG,2025-02-12,4893.7900390625,4893.7900390625,4893.7900390625,4893.7900390625,1251
BKNG,2025-02-12,4885.2900390625,4885.2900390625,4885.2900390625,4885.2900390625,348
BKNG,2025-02-12,4895.75,4895.75,4895.75,4895.75,711
BKNG,2025-02-12,4889.5400390625,4889.5400390625,4889.5400390625,4889.5400390625,1739
BKNG,2025-02-12,4899.75,4899.75,4899.75,4899.75,823
BKNG,2025-02-12,4906.75,4906.75,4906.75,4906.75,893
BKNG,2025-02-12,4915.75,4915.75,4915.75,4915.75,479
BKNG,2025-02-12,4913.5,4913.5,4888.7900390625,4899.990234375,2448
BKNG,2025-02-12,4904.14501953125,4904.14501953125,4904.14501953125,4904.14501953125,270
BKNG,2025-02-12,4904.14501953125,4904.14501953125,4904.14501953125,4904.14501953125,510
BKNG,2025-02-12,4889.97509765625,4894.98486328125,4889.97509765625,4894.98486328125,826
BKNG,2025-02-12,4889.97509765625,4889.97509765625,4889.97509765625,4889.97509765625,437
BKNG,2025-02-12,4893.2998046875,4893.2998046875,4893.2998046875,4893.2998046875,608
BKNG,2025-02-12,4877.02978515625,4877.02978515625,4877.02978515625,4877.02978515625,2811
BKNG,2025-02-11,4894.64013671875,4899.56005859375,4891.35009765625,4894.60986328125,5362
BKNG,2025-02-11,4894.705078125,4894.705078125,4894.705078125,4894.705078125,577
BKNG,2025-02-11,4897.94482421875,4897.94482421875,4894.53515625,4894.53515625,3794
BKNG,2025-02-11,4900.0,4900.0,4898.18017578125,4898.18017578125,1200
BKNG,2025-02-11,4900.47998046875,4900.47998046875,4900.47998046875,4900.47998046875,338
BKNG,2025-02-11,4898.3701171875,4899.8701171875,4898.3701171875,4899.8701171875,1690
BKNG,2025-02-11,4900.06005859375,4900.06005859375,4900.06005859375,4900.06005859375,2053
BKNG,2025-02-11,4899.85986328125,4903.66015625,4899.85986328125,4903.66015625,1949
BKNG,2025-02-11,4899.544921875,4899.544921875,4899.544921875,4899.544921875,272
BKNG,2025-02-11,4899.4501953125,4899.4501953125,4899.4501953125,4899.4501953125,671
BKNG,2025-02-11,4895.990234375,4895.990234375,4895.990234375,4895.990234375,1153
BKNG,2025-02-11,4901.47509765625,4901.47509765625,4901.03515625,4901.03515625,1539
BKNG,2025-02-11,4900.77978515625,4900.77978515625,4900.77978515625,4900.77978515625,739
BKNG,2025-02-11,4893.60009765625,4893.60009765625,4892.56982421875,4892.56982421875,2314
BKNG,2025-02-11,4896.10009765625,4896.10009765625,4896.10009765625,4896.10009765625,826
BKNG,2025-02-11,4892.56982421875,4892.56982421875,4892.56982421875,4892.56982421875,1304
BKNG,2025-02-11,4897.56982421875,4897.56982421875,4897.56982421875,4897.56982421875,1157
BKNG,2025-02-11,4896.93017578125,4896.93017578125,4896.93017578125,4896.93017578125,1283
BKNG,2025-02-11,4898.7998046875,4898.7998046875,4898.7998046875,4898.7998046875,746
BKNG,2025-02-11,4900.8701171875,4900.8701171875,4900.8701171875,4900.8701171875,835
BKNG,2025-02-11,4894.2998046875,4894.2998046875,4894.2998046875,4894.2998046875,3389
BKNG,2025-02-11,4903.5498046875,4903.5498046875,4903.5498046875,4903.5498046875,2906
BKNG,2025-02-11,4897.6201171875,4897.6201171875,4897.6201171875,4897.6201171875,1139
BKNG,2025-02-11,4894.22998046875,4894.22998046875,4894.22998046875,4894.22998046875,1549
BKNG,2025-02-11,4884.85009765625,4885.56494140625,4884.7998046875,4885.0,2234
BKNG,2025-02-11,4887.615234375,4888.0673828125,4887.125,4888.0673828125,509
BKNG,2025-02-11,4888.81982421875,4888.81982421875,4888.81982421875,4888.81982421875,651
BKNG,2025-02-11,4884.97021484375,4885.2099609375,4884.97021484375,4885.2099609375,955
BKNG,2025-02-11,4882.0048828125,4882.0048828125,4882.0048828125,4882.0048828125,548
BKNG,2025-02-11,4882.0048828125,4882.0048828125,4882.0048828125,4882.0048828125,387
BKNG,2025-02-11,4885.259765625,4885.259765625,4882.1298828125,4882.1298828125,833
BKNG,2025-02-11,4885.28515625,4885.28515625,4885.28515625,4885.28515625,618
BKNG,2025-02-11,4885.05517578125,4885.27978515625,4885.05517578125,4885.27978515625,517
BKNG,2025-02-11,4885.6201171875,4885.6201171875,4883.77001953125,4883.85986328125,1370
BKNG,2025-02-11,4878.47509765625,4885.6201171875,4878.47509765625,4885.6201171875,255
BKNG,2025-02-11,4885.60498046875,4885.60498046875,4885.60498046875,4885.60498046875,304
BKNG,2025-02-11,4885.60498046875,4885.60498046875,4885.60498046875,4885.60498046875,178
BKNG,2025-02-11,4890.39013671875,4890.39013671875,4890.39013671875,4890.39013671875,1550
BKNG,2025-02-11,4878.22998046875,4878.22998046875,4878.22998046875,4878.22998046875,6104
BKNG,2025-02-11,4871.919921875,4873.43994140625,4871.919921875,4873.43994140625,854
BKNG,2025-02-11,4873.81005859375,4873.81005859375,4873.81005859375,4873.81005859375,130
BKNG,2025-02-11,4879.490234375,4879.490234375,4879.490234375,4879.490234375,249
BKNG,2025-02-11,4872.02001953125,4872.02001953125,4872.02001953125,4872.02001953125,109
BKNG,2025-02-11,4871.58984375,4874.080078125,4871.58984375,4873.240234375,979
BKNG,2025-02-11,4870.44482421875,4871.080078125,4870.44482421875,4871.080078125,669
BKNG,2025-02-11,4864.18017578125,4864.18017578125,4864.18017578125,4864.18017578125,1577
BKNG,2025-02-11,4879.81005859375,4879.81005859375,4870.990234375,4874.60009765625,1131
BKNG,2025-02-11,4874.4150390625,4874.4150390625,4874.4150390625,4874.4150390625,260
BKNG,2025-02-11,4874.4150390625,4874.4150390625,4874.4150390625,4874.4150390625,1061
BKNG,2025-02-11,4866.72509765625,4866.72509765625,4866.72509765625,4866.72509765625,688
BKNG,2025-02-11,4870.009765625,4870.009765625,4870.009765625,4870.009765625,819
BKNG,2025-02-11,4869.759765625,4869.759765625,4869.759765625,4869.759765625,334
BKNG,2025-02-11,4871.97021484375,4871.97021484375,4870.009765625,4870.009765625,808
BKNG,2025-02-11,4870.09521484375,4870.09521484375,4870.09521484375,4870.09521484375,514
BKNG,2025-02-11,4877.0498046875,4877.0498046875,4874.02001953125,4874.02001953125,2127
BKNG,2025-02-11,4876.05517578125,4876.05517578125,4876.05517578125,4876.05517578125,772
BKNG,2025-02-11,4876.68017578125,4877.97998046875,4876.68017578125,4877.97998046875,765
BKNG,2025-02-11,4874.55517578125,4874.55517578125,4874.55517578125,4874.55517578125,1884
BKNG,2025-02-11,4869.919921875,4869.919921875,4869.919921875,4869.919921875,1975
BKNG,2025-02-11,4868.4599609375,4868.4599609375,4868.4599609375,4868.4599609375,608
BKNG,2025-02-11,4870.9599609375,4870.9599609375,4870.669921875,4870.669921875,523
BKNG,2025-02-11,4873.01513671875,4873.01513671875,4873.01513671875,4873.01513671875,1447
BKNG,2025-02-11,4873.01513671875,4873.01513671875,4873.01513671875,4873.01513671875,860
BKNG,2025-02-11,4874.1298828125,4874.1298828125,4874.1298828125,4874.1298828125,1785
BKNG,2025-02-11,4868.77001953125,4868.77001953125,4868.77001953125,4868.77001953125,119
BKNG,2025-02-11,4871.1298828125,4871.1298828125,4871.1298828125,4871.1298828125,841
BKNG,2025-02-11,4879.2001953125,4879.2001953125,4879.2001953125,4879.2001953125,1326
BKNG,2025-02-11,4879.669921875,4879.669921875,4879.2001953125,4879.2001953125,497
BKNG,2025-02-11,4886.48486328125,4886.48486328125,4886.48486328125,4886.48486328125,1692
BKNG,2025-02-11,4886.5849609375,4886.5849609375,4886.5849609375,4886.5849609375,279
BKNG,2025-02-11,4885.81982421875,4885.81982421875,4885.81982421875,4885.81982421875,397
BKNG,2025-02-11,4887.22021484375,4887.22021484375,4887.22021484375,4887.22021484375,1050
BKNG,2025-02-11,4897.7451171875,4897.7451171875,4897.7451171875,4897.7451171875,734
BKNG,2025-02-11,4903.71484375,4903.71484375,4903.71484375,4903.71484375,183
BKNG,2025-02-11,4906.68994140625,4906.68994140625,4906.68994140625,4906.68994140625,1375
BKNG,2025-02-11,4913.3798828125,4913.3798828125,4913.3798828125,4913.3798828125,2561
BKNG,2025-02-11,4908.22021484375,4908.22021484375,4908.22021484375,4908.22021484375,296
BKNG,2025-02-11,4931.77978515625,4931.77978515625,4914.52978515625,4914.52978515625,614
BKNG,2025-02-11,4923.93017578125,4923.93017578125,4923.93017578125,4923.93017578125,1829
BKNG,2025-02-11,4917.7451171875,4917.7451171875,4917.7451171875,4917.7451171875,625
BKNG,2025-02-11,4920.240234375,4920.240234375,4920.240234375,4920.240234375,1404
BKNG,2025-02-11,4919.9599609375,4927.2451171875,4919.9599609375,4927.2451171875,1477
BKNG,2025-02-11,4927.2451171875,4927.2451171875,4927.2451171875,4927.2451171875,618
BKNG,2025-02-11,4927.35498046875,4928.25,4927.35498046875,4928.25,735
BKNG,2025-02-11,4924.58984375,4924.58984375,4924.58984375,4924.58984375,939
BKNG,2025-02-11,4918.47705078125,4918.47705078125,4918.47705078125,4918.47705078125,384
BKNG,2025-02-11,4913.02978515625,4913.02978515625,4913.02978515625,4913.02978515625,1204
BKNG,2025-02-11,4909.2099609375,4909.2099609375,4909.2099609375,4909.2099609375,277
BKNG,2025-02-11,4901.0,4902.169921875,4894.79736328125,4902.169921875,2131
BKNG,2025-02-11,4902.02001953125,4902.02001953125,4902.02001953125,4902.02001953125,164
BKNG,2025-02-11,4901.0849609375,4901.0849609375,4901.0849609375,4901.0849609375,1412
BKNG,2025-02-11,4899.93994140625,4899.93994140625,4899.93994140625,4899.93994140625,1414
BKNG,2025-02-11,4894.7900390625,4894.7900390625,4894.7900390625,4894.7900390625,2828
BKNG,2025-02-11,4890.2900390625,4890.2900390625,4890.2900390625,4890.2900390625,3009
BKNG,2025-02-11,4894.7900390625,4894.7900390625,4894.7900390625,4894.7900390625,1531
BKNG,2025-02-11,4905.47998046875,4905.47998046875,4905.47998046875,4905.47998046875,1084
BKNG,2025-02-11,4891.490234375,4900.02001953125,4891.490234375,4900.02001953125,2850
BKNG,2025-02-11,4889.06982421875,4889.06982421875,4889.06982421875,4889.06982421875,637
BKNG,2025-02-11,4889.06982421875,4889.06982421875,4889.06982421875,4889.06982421875,162
BKNG,2025-02-11,4889.06982421875,4889.06982421875,4889.06982421875,4889.06982421875,730
BKNG,2025-02-11,4889.06982421875,4889.06982421875,4889.06982421875,4889.06982421875,472
BKNG,2025-02-11,4886.89501953125,4886.89501953125,4886.89501953125,4886.89501953125,3195
BKNG,2025-02-11,4868.990234375,4868.990234375,4868.990234375,4868.990234375,207
BKNG,2025-02-11,4891.7099609375,4891.7099609375,4888.5,4888.5,1865
BKNG,2025-02-11,4896.06005859375,4896.06005859375,4896.06005859375,4896.06005859375,4605
BKNG,2025-02-10,4913.580078125,4916.81005859375,4912.4501953125,4916.81005859375,4392
BKNG,2025-02-10,4913.580078125,4913.580078125,4913.580078125,4913.580078125,891
BKNG,2025-02-10,4912.77978515625,4912.77978515625,4911.39013671875,4911.68994140625,2201
BKNG,2025-02-10,4905.990234375,4910.509765625,4905.990234375,4910.509765625,2514
BKNG,2025-02-10,4907.80517578125,4910.83984375,4907.80517578125,4910.83984375,2637
BKNG,2025-02-10,4914.9951171875,4914.9951171875,4909.43017578125,4909.43017578125,3435
BKNG,2025-02-10,4914.44482421875,4914.44482421875,4914.44482421875,4914.44482421875,432
BKNG,2025-02-10,4915.6201171875,4915.6201171875,4915.6201171875,4915.6201171875,1043
BKNG,2025-02-10,4915.59521484375,4915.59521484375,4915.59521484375,4915.59521484375,299
BKNG,2025-02-10,4915.0498046875,4915.0498046875,4913.31005859375,4913.31005859375,982
BKNG,2025-02-10,4911.93994140625,4913.93994140625,4911.93994140625,4913.93994140625,1516
BKNG,2025-02-10,4911.9599609375,4911.9599609375,4911.93994140625,4911.93994140625,460
BKNG,2025-02-10,4912.169921875,4912.169921875,4912.14990234375,4912.14990234375,655
BKNG,2025-02-10,4910.72998046875,4910.72998046875,4910.72998046875,4910.72998046875,774
BKNG,2025-02-10,4913.14013671875,4913.14013671875,4913.14013671875,4913.14013671875,497
BKNG,2025-02-10,4916.5400390625,4916.5400390625,4915.3251953125,4915.3251953125,336
BKNG,2025-02-10,4918.0,4918.0,4918.0,4918.0,827
BKNG,2025-02-10,4919.294921875,4919.294921875,4919.294921875,4919.294921875,359
BKNG,2025-02-10,4919.60498046875,4919.60498046875,4917.10986328125,4918.27978515625,1156
BKNG,2025-02-10,4923.56005859375,4923.56005859375,4923.56005859375,4923.56005859375,882
BKNG,2025-02-10,4920.10009765625,4920.10009765625,4920.10009765625,4920.10009765625,1811
BKNG,2025-02-10,4919.15478515625,4919.15478515625,4919.15478515625,4919.15478515625,610
BKNG,2025-02-10,4925.875,4925.875,4924.22021484375,4924.22021484375,2011
BKNG,2025-02-10,4925.5048828125,4925.5048828125,4925.5048828125,4925.5048828125,560
BKNG,2025-02-10,4926.22021484375,4926.89990234375,4926.22021484375,4926.89990234375,1591
BKNG,2025-02-10,4922.6650390625,4922.6650390625,4922.6650390625,4922.6650390625,528
BKNG,2025-02-10,4929.64501953125,4929.64501953125,4929.64501953125,4929.64501953125,1461
BKNG,2025-02-10,4929.0498046875,4929.0498046875,4929.0498046875,4929.0498046875,1233
BKNG,2025-02-10,4928.09521484375,4928.09521484375,4928.09521484375,4928.09521484375,751
BKNG,2025-02-10,4933.31982421875,4933.31982421875,4933.31982421875,4933.31982421875,812
BKNG,2025-02-10,4929.419921875,4929.419921875,4929.419921875,4929.419921875,183
BKNG,2025-02-10,4927.97998046875,4927.97998046875,4924.509765625,4927.52978515625,1243
BKNG,2025-02-10,4933.89501953125,4933.89501953125,4933.89501953125,4933.89501953125,883
BKNG,2025-02-10,4931.60986328125,4931.60986328125,4931.60986328125,4931.60986328125,1077
BKNG,2025-02-10,4930.81005859375,4930.81005859375,4930.81005859375,4930.81005859375,356
BKNG,2025-02-10,4928.0751953125,4928.0751953125,4928.0751953125,4928.0751953125,537
BKNG,2025-02-10,4926.14990234375,4926.14990234375,4920.1689453125,4920.1689453125,1868
BKNG,2025-02-10,4922.830078125,4922.830078125,4922.830078125,4922.830078125,672
BKNG,2025-02-10,4926.81005859375,4926.81005859375,4926.81005859375,4926.81005859375,127
BKNG,2025-02-10,4919.43994140625,4919.43994140625,4919.43994140625,4919.43994140625,460
BKNG,2025-02-10,4916.205078125,4918.27001953125,4916.205078125,4918.27001953125,587
BKNG,2025-02-10,4917.490234375,4917.490234375,4917.490234375,4917.490234375,614
BKNG,2025-02-10,4919.740234375,4919.740234375,4919.740234375,4919.740234375,2234
BKNG,2025-02-10,4923.39990234375,4923.39990234375,4923.39990234375,4923.39990234375,1765
BKNG,2025-02-10,4923.3701171875,4923.3701171875,4923.3701171875,4923.3701171875,261
BKNG,2025-02-10,4919.865234375,4919.865234375,4919.865234375,4919.865234375,448
BKNG,2025-02-10,4921.1748046875,4921.1748046875,4921.1748046875,4921.1748046875,899
BKNG,2025-02-10,4925.740234375,4925.740234375,4925.740234375,4925.740234375,343
BKNG,2025-02-10,4923.330078125,4923.330078125,4923.330078125,4923.330078125,1631
BKNG,2025-02-10,4917.7001953125,4917.7001953125,4917.7001953125,4917.7001953125,1038
BKNG,2025-02-10,4911.5751953125,4913.759765625,4911.5751953125,4913.759765625,2240
BKNG,2025-02-10,4913.43017578125,4913.43017578125,4913.43017578125,4913.43017578125,625
BKNG,2025-02-10,4911.5751953125,4911.5751953125,4911.5751953125,4911.5751953125,353
BKNG,2025-02-10,4911.5751953125,4911.5751953125,4911.5751953125,4911.5751953125,575
BKNG,2025-02-10,4914.6201171875,4914.6201171875,4914.6201171875,4914.6201171875,696
BKNG,2025-02-10,4917.85009765625,4917.85009765625,4917.85009765625,4917.85009765625,957
BKNG,2025-02-10,4917.27001953125,4917.27001953125,4917.27001953125,4917.27001953125,795
BKNG,2025-02-10,4911.2001953125,4911.2001953125,4911.2001953125,4911.2001953125,1841
BKNG,2025-02-10,4922.91015625,4922.91015625,4922.91015625,4922.91015625,2418
BKNG,2025-02-10,4925.02978515625,4925.02978515625,4925.02978515625,4925.02978515625,302
BKNG,2025-02-10,4922.2900390625,4922.2900390625,4922.2900390625,4922.2900390625,640
BKNG,2025-02-10,4925.0498046875,4925.56982421875,4924.875,4924.875,2742
BKNG,2025-02-10,4924.3701171875,4924.3701171875,4924.3701171875,4924.3701171875,549
BKNG,2025-02-10,4927.490234375,4927.490234375,4927.490234375,4927.490234375,533
BKNG,2025-02-10,4935.5498046875,4935.5498046875,4930.7001953125,4930.7001953125,1082
BKNG,2025-02-10,4938.52978515625,4938.52978515625,4938.52978515625,4938.52978515625,168
BKNG,2025-02-10,4935.3701171875,4935.3701171875,4935.3701171875,4935.3701171875,349
BKNG,2025-02-10,4928.25,4930.33984375,4928.25,4930.33984375,2381
BKNG,2025-02-10,4928.93017578125,4928.93017578125,4928.93017578125,4928.93017578125,600
BKNG,2025-02-10,4929.22021484375,4929.22021484375,4929.22021484375,4929.22021484375,318
BKNG,2025-02-10,4929.97998046875,4929.97998046875,4929.97998046875,4929.97998046875,495
BKNG,2025-02-10,4925.705078125,4925.705078125,4925.705078125,4925.705078125,128
BKNG,2025-02-10,4931.39013671875,4931.39013671875,4931.39013671875,4931.39013671875,1621
BKNG,2025-02-10,4932.830078125,4932.830078125,4931.6298828125,4931.6298828125,1037
BKNG,2025-02-10,4931.39013671875,4931.39013671875,4931.39013671875,4931.39013671875,1395
BKNG,2025-02-10,4927.669921875,4929.89990234375,4927.669921875,4929.89990234375,1376
BKNG,2025-02-10,4925.5,4925.5,4925.5,4925.5,1275
BKNG,2025-02-10,4935.3798828125,4935.3798828125,4935.3798828125,4935.3798828125,1258
BKNG,2025-02-10,4933.43017578125,4933.43017578125,4933.43017578125,4933.43017578125,427
BKNG,2025-02-10,4933.2900390625,4933.2900390625,4933.2900390625,4933.2900390625,1785
BKNG,2025-02-10,4929.81005859375,4933.009765625,4929.81005859375,4933.009765625,894
BKNG,2025-02-10,4941.64013671875,4941.64013671875,4941.64013671875,4941.64013671875,506
BKNG,2025-02-10,4934.77001953125,4934.77001953125,4934.77001953125,4934.77001953125,1640
BKNG,2025-02-10,4933.52978515625,4933.52978515625,4925.5,4925.5,514
BKNG,2025-02-10,4935.5498046875,4935.5498046875,4935.5498046875,4935.5498046875,152
BKNG,2025-02-10,4933.10986328125,4933.10986328125,4933.10986328125,4933.10986328125,272
BKNG,2025-02-10,4935.60009765625,4935.60009765625,4935.60009765625,4935.60009765625,219
BKNG,2025-02-10,4931.580078125,4931.580078125,4931.580078125,4931.580078125,720
BKNG,2025-02-10,4926.89013671875,4926.89013671875,4926.89013671875,4926.89013671875,705
BKNG,2025-02-10,4932.3798828125,4932.3798828125,4932.080078125,4932.080078125,950
BKNG,2025-02-10,4933.58984375,4933.58984375,4933.58984375,4933.58984375,552
BKNG,2025-02-10,4933.9599609375,4933.9599609375,4933.9599609375,4933.9599609375,307
BKNG,2025-02-10,4943.9599609375,4943.9599609375,4943.9599609375,4943.9599609375,1412
BKNG,2025-02-10,4942.5,4942.5,4942.5,4942.5,1223
BKNG,2025-02-10,4940.0,4940.0,4940.0,4940.0,871
BKNG,2025-02-10,4943.044921875,4943.044921875,4943.044921875,4943.044921875,1015
BKNG,2025-02-10,4954.240234375,4954.240234375,4947.10009765625,4947.240234375,1323
BKNG,2025-02-10,4960.43994140625,4960.43994140625,4960.43994140625,4960.43994140625,1049
BKNG,2025-02-10,4959.02978515625,4959.02978515625,4959.02978515625,4959.02978515625,226
BKNG,2025-02-10,4962.22021484375,4962.22021484375,4960.0,4960.0,835
BKNG,2025-02-10,4974.9501953125,4974.9501953125,4974.9501953125,4974.9501953125,1310
BKNG,2025-02-10,4966.740234375,4966.740234375,4966.740234375,4966.740234375,1019
BKNG,2025-02-10,4969.18994140625,4969.18994140625,4969.18994140625,4969.18994140625,1528
BKNG,2025-02-10,4979.7099609375,4979.7099609375,4979.7099609375,4979.7099609375,420
BKNG,2025-02-10,4979.68310546875,4987.0,4979.68310546875,4987.0,1551
BKNG,2025-02-10,4980.27978515625,4980.27978515625,4980.27978515625,4980.27978515625,1097
BKNG,2025-02-10,4974.669921875,4974.669921875,4974.669921875,4974.669921875,591
BKNG,2025-02-10,4974.83984375,4974.83984375,4974.83984375,4974.83984375,1402
BKNG,2025-02-10,4953.0,4953.0,4953.0,4953.0,882
BKNG,2025-02-10,4933.64990234375,4954.56982421875,4933.64990234375,4954.56982421875,7143
BKNG,2025-02-10,4971.7001953125,4971.7001953125,4950.0,4961.28515625,3682
BKNG,2025-02-10,4955.0,4955.0,4955.0,4955.0,2609
BKNG,2025-02-10,4950.0,4950.0,4950.0,4950.0,443
BKNG,2025-02-10,4956.419921875,4956.419921875,4956.419921875,4956.419921875,1002
BKNG,2025-02-10,4967.72021484375,4979.81005859375,4967.72021484375,4979.81005859375,1427
BKNG,2025-02-10,4981.0,4981.0,4981.0,4981.0,761
BKNG,2025-02-10,4962.7099609375,4971.81005859375,4960.26513671875,4960.26513671875,7064
BKNG,2025-02-07,4894.53515625,4894.77978515625,4887.52001953125,4887.52001953125,10184
BKNG,2025-02-07,4891.02978515625,4892.18994140625,4891.02978515625,4892.18994140625,7165
BKNG,2025-02-07,4891.52978515625,4891.52978515625,4888.0,4889.02978515625,2273
BKNG,2025-02-07,4891.18994140625,4893.2900390625,4890.52001953125,4893.2900390625,5075
BKNG,2025-02-07,4907.990234375,4907.990234375,4907.990234375,4907.990234375,5482
BKNG,2025-02-07,4905.56494140625,4905.56494140625,4905.56494140625,4905.56494140625,998
BKNG,2025-02-07,4903.85009765625,4904.06005859375,4903.85009765625,4904.06005859375,1375
BKNG,2025-02-07,4905.58984375,4905.58984375,4902.02001953125,4902.02001953125,1773
BKNG,2025-02-07,4912.35009765625,4912.35009765625,4912.35009765625,4912.35009765625,5162
BKNG,2025-02-07,4899.81005859375,4899.81005859375,4899.81005859375,4899.81005859375,1809
BKNG,2025-02-07,4905.384765625,4905.384765625,4905.384765625,4905.384765625,683
BKNG,2025-02-07,4906.72021484375,4906.72021484375,4906.72021484375,4906.72021484375,912
BKNG,2025-02-07,4900.6298828125,4900.6298828125,4900.6298828125,4900.6298828125,1701
BKNG,2025-02-07,4896.93017578125,4901.8798828125,4894.125,4894.22021484375,3664
BKNG,2025-02-07,4899.75,4899.75,4899.75,4899.75,670
BKNG,2025-02-07,4903.52001953125,4903.52001953125,4903.52001953125,4903.52001953125,905
BKNG,2025-02-07,4903.4150390625,4903.4150390625,4903.4150390625,4903.4150390625,170
BKNG,2025-02-07,4915.0,4915.0,4915.0,4915.0,3914
BKNG,2025-02-07,4916.1298828125,4916.1298828125,4916.1298828125,4916.1298828125,1663
BKNG,2025-02-07,4916.1298828125,4916.1298828125,4916.1298828125,4916.1298828125,172
BKNG,2025-02-07,4909.94970703125,4910.56591796875,4908.6201171875,4910.56591796875,1600
BKNG,2025-02-07,4904.47998046875,4904.47998046875,4904.47998046875,4904.47998046875,717
BKNG,2025-02-07,4907.455078125,4907.455078125,4907.455078125,4907.455078125,491
BKNG,2025-02-07,4901.6748046875,4905.1201171875,4901.6748046875,4905.1201171875,1477
BKNG,2025-02-07,4903.68994140625,4903.68994140625,4903.68994140625,4903.68994140625,888
BKNG,2025-02-07,4899.17578125,4899.17578125,4899.17578125,4899.17578125,5505
BKNG,2025-02-07,4904.75,4904.75,4904.75,4904.75,613
BKNG,2025-02-07,4903.1484375,4903.1484375,4903.1484375,4903.1484375,296
BKNG,2025-02-07,4897.93017578125,4897.93017578125,4897.93017578125,4897.93017578125,997
BKNG,2025-02-07,4897.72021484375,4901.60986328125,4897.72021484375,4901.60986328125,571
BKNG,2025-02-07,4899.169921875,4899.169921875,4898.9501953125,4898.9501953125,486
BKNG,2025-02-07,4901.85986328125,4901.85986328125,4901.85986328125,4901.85986328125,812
BKNG,2025-02-07,4890.85009765625,4890.85009765625,4890.85009765625,4890.85009765625,2101
BKNG,2025-02-07,4879.7001953125,4879.7001953125,4879.7001953125,4879.7001953125,1301
BKNG,2025-02-07,4886.08984375,4886.08984375,4886.08984375,4886.08984375,1135
BKNG,2025-02-07,4880.91015625,4880.91015625,4880.91015625,4880.91015625,581
BKNG,2025-02-07,4880.4150390625,4880.4150390625,4880.4150390625,4880.4150390625,481
BKNG,2025-02-07,4874.205078125,4874.205078125,4874.205078125,4874.205078125,3953
BKNG,2025-02-07,4875.830078125,4875.830078125,4875.830078125,4875.830078125,467
BKNG,2025-02-07,4878.455078125,4878.455078125,4873.2001953125,4873.2001953125,298
BKNG,2025-02-07,4882.41015625,4882.41015625,4882.41015625,4882.41015625,1032
BKNG,2025-02-07,4886.740234375,4887.99072265625,4886.740234375,4887.99072265625,696
BKNG,2025-02-07,4886.72998046875,4886.72998046875,4886.72998046875,4886.72998046875,283
BKNG,2025-02-07,4892.0,4892.0,4891.72021484375,4891.72021484375,469
BKNG,2025-02-07,4890.240234375,4890.240234375,4890.240234375,4890.240234375,397
BKNG,2025-02-07,4888.85009765625,4889.955078125,4888.85009765625,4889.955078125,973
BKNG,2025-02-07,4885.02001953125,4885.02001953125,4885.02001953125,4885.02001953125,410
BKNG,2025-02-07,4883.81982421875,4885.15478515625,4881.18994140625,4885.15478515625,1111
BKNG,2025-02-07,4887.89013671875,4887.89013671875,4883.81982421875,4883.81982421875,1059
BKNG,2025-02-07,4892.5849609375,4892.5849609375,4892.5849609375,4892.5849609375,1277
BKNG,2025-02-07,4892.47509765625,4892.5849609375,4892.47509765625,4892.5849609375,882
BKNG,2025-02-07,4903.1298828125,4903.1298828125,4903.1298828125,4903.1298828125,493
BKNG,2025-02-07,4903.9501953125,4903.9501953125,4895.75,4895.75,1522
BKNG,2025-02-07,4904.1201171875,4904.1201171875,4904.1201171875,4904.1201171875,1172
BKNG,2025-02-07,4910.134765625,4910.134765625,4910.134765625,4910.134765625,1159
BKNG,2025-02-07,4909.419921875,4909.419921875,4909.419921875,4909.419921875,372
BKNG,2025-02-07,4901.7001953125,4909.419921875,4901.7001953125,4909.419921875,220
BKNG,2025-02-07,4911.705078125,4911.705078125,4911.705078125,4911.705078125,822
BKNG,2025-02-07,4916.14013671875,4916.14013671875,4916.14013671875,4916.14013671875,991
BKNG,2025-02-07,4912.2099609375,4912.2099609375,4912.2099609375,4912.2099609375,1888
BKNG,2025-02-07,4918.60498046875,4918.60498046875,4918.60498046875,4918.60498046875,2693
BKNG,2025-02-07,4922.669921875,4922.669921875,4922.669921875,4922.669921875,674
BKNG,2025-02-07,4911.7900390625,4911.7900390625,4911.7900390625,4911.7900390625,6518
BKNG,2025-02-07,4921.10009765625,4921.10009765625,4912.94482421875,4912.94482421875,1361
BKNG,2025-02-07,4914.990234375,4914.990234375,4914.990234375,4914.990234375,321
BKNG,2025-02-07,4919.02978515625,4919.02978515625,4919.02978515625,4919.02978515625,2212
BKNG,2025-02-07,4925.75,4925.75,4925.75,4925.75,2094
BKNG,2025-02-07,4922.5,4922.5,4921.14990234375,4921.14990234375,7193
BKNG,2025-02-07,4927.7451171875,4927.7451171875,4927.7451171875,4927.7451171875,2192
BKNG,2025-02-07,4929.9599609375,4929.9599609375,4929.9599609375,4929.9599609375,406
BKNG,2025-02-07,4933.35986328125,4933.6201171875,4930.7998046875,4930.7998046875,1352
BKNG,2025-02-07,4945.35009765625,4945.35009765625,4945.35009765625,4945.35009765625,947
BKNG,2025-02-07,4941.4951171875,4941.4951171875,4940.435546875,4940.435546875,570
BKNG,2025-02-07,4940.990234375,4940.990234375,4940.990234375,4940.990234375,490
BKNG,2025-02-07,4944.47998046875,4944.47998046875,4944.47998046875,4944.47998046875,221
BKNG,2025-02-07,4937.330078125,4942.77978515625,4937.330078125,4942.77978515625,1343
BKNG,2025-02-07,4955.68017578125,4955.68017578125,4945.5048828125,4945.5048828125,1393
BKNG,2025-02-07,4938.7998046875,4938.9150390625,4938.7998046875,4938.9150390625,1017
BKNG,2025-02-07,4944.919921875,4951.0,4944.919921875,4951.0,3105
BKNG,2025-02-07,4948.0751953125,4953.89990234375,4948.0751953125,4951.125,1965
BKNG,2025-02-07,4947.60009765625,4947.60009765625,4947.60009765625,4947.60009765625,1413
BKNG,2025-02-07,4947.919921875,4947.919921875,4947.919921875,4947.919921875,1407
BKNG,2025-02-07,4950.72998046875,4950.72998046875,4950.72998046875,4950.72998046875,365
BKNG,2025-02-07,4961.14013671875,4961.14013671875,4952.4951171875,4952.4951171875,2069
BKNG,2025-02-07,4958.53515625,4958.53515625,4954.68017578125,4954.68017578125,1079
BKNG,2025-02-07,4959.47509765625,4959.47509765625,4959.47509765625,4959.47509765625,807
BKNG,2025-02-07,4977.490234375,4977.490234375,4977.490234375,4977.490234375,1646
BKNG,2025-02-07,4977.48486328125,4977.48486328125,4977.48486328125,4977.48486328125,338
BKNG,2025-02-07,4976.8798828125,4976.8798828125,4976.8798828125,4976.8798828125,1578
BKNG,2025-02-07,4976.97998046875,4976.97998046875,4964.97021484375,4976.8798828125,2384
BKNG,2025-02-07,4971.5498046875,4971.5498046875,4971.5498046875,4971.5498046875,254
BKNG,2025-02-07,4966.31689453125,4974.5498046875,4966.31689453125,4974.5498046875,941
BKNG,2025-02-07,4970.06982421875,4970.06982421875,4970.06982421875,4970.06982421875,1346
BKNG,2025-02-07,4958.0751953125,4958.0751953125,4958.0751953125,4958.0751953125,3134
BKNG,2025-02-07,4958.06982421875,4958.06982421875,4958.06982421875,4958.06982421875,488
BKNG,2025-02-07,4949.06982421875,4949.06982421875,4949.06982421875,4949.06982421875,101
BKNG,2025-02-07,4966.68994140625,4966.68994140625,4966.68994140625,4966.68994140625,1765
BKNG,2025-02-07,4954.384765625,4954.384765625,4954.384765625,4954.384765625,1909
BKNG,2025-02-07,4949.2548828125,4949.2548828125,4949.2548828125,4949.2548828125,1102
BKNG,2025-02-07,4964.75,4964.75,4964.75,4964.75,1060
BKNG,2025-02-07,4958.0,4958.0,4958.0,4958.0,411
BKNG,2025-02-07,4950.0,4950.0,4950.0,4950.0,2751
BKNG,2025-02-07,4961.81982421875,4961.81982421875,4961.81982421875,4961.81982421875,1885
BKNG,2025-02-07,4973.72021484375,4973.72021484375,4973.72021484375,4973.72021484375,3829
BKNG,2025-02-07,4976.58740234375,4976.58740234375,4976.58740234375,4976.58740234375,6886
BKNG,2025-02-07,4985.0,4985.0,4984.06005859375,4984.06005859375,1114
BKNG,2025-02-07,4979.3798828125,4979.3798828125,4979.3798828125,4979.3798828125,766
BKNG,2025-02-07,4976.2998046875,4976.2998046875,4976.2998046875,4976.2998046875,854
BKNG,2025-02-07,4979.72021484375,4979.72021484375,4979.72021484375,4979.72021484375,347
BKNG,2025-02-07,4971.68994140625,4977.97021484375,4971.68994140625,4974.5048828125,3041
BKNG,2025-02-07,4976.919921875,4978.7998046875,4974.669921875,4978.7998046875,815
BKNG,2025-02-07,4972.509765625,4977.91015625,4972.509765625,4977.91015625,1336
BKNG,2025-02-07,4966.14013671875,4966.14013671875,4966.14013671875,4966.14013671875,3391
BKNG,2025-02-07,4982.6201171875,4982.6201171875,4982.6201171875,4982.6201171875,2679
BKNG,2025-02-07,4979.009765625,4979.009765625,4979.009765625,4979.009765625,1319
BKNG,2025-02-07,4978.33984375,4978.33984375,4978.33984375,4978.33984375,722
BKNG,2025-02-07,4978.33984375,4978.33984375,4978.33984375,4978.33984375,261
BKNG,2025-02-07,4989.2099609375,4989.2099609375,4971.3701171875,4971.3701171875,2882
BKNG,2025-02-07,4996.06982421875,5000.89013671875,4988.27978515625,5000.89013671875,2159
BKNG,2025-02-07,5014.31982421875,5024.419921875,4995.00732421875,4996.94482421875,3063
BKNG,2025-02-07,5000.02978515625,5000.02978515625,5000.02978515625,5000.02978515625,679
BKNG,2025-02-07,4988.0,5010.14013671875,4988.0,5010.14013671875,1305
BKNG,2025-02-07,4976.5,4976.5,4976.5,4976.5,607
BKNG,2025-02-07,4998.02001953125,4998.02001953125,4998.02001953125,4998.02001953125,1248
BKNG,2025-02-07,5016.56494140625,5016.56494140625,5015.947265625,5015.947265625,2027
BKNG,2025-02-07,5019.93017578125,5019.93017578125,5019.93017578125,5019.93017578125,976
BKNG,2025-02-07,5012.47021484375,5025.35009765625,5012.47021484375,5025.35009765625,1781
BKNG,2025-02-07,5010.955078125,5010.955078125,5010.955078125,5010.955078125,2098
BKNG,2025-02-07,5011.509765625,5011.509765625,5011.509765625,5011.509765625,1858
BKNG,2025-02-07,5002.02001953125,5012.669921875,5002.02001953125,5004.02001953125,1280
BKNG,2025-02-07,5001.919921875,5011.2900390625,4993.91015625,4993.91015625,4753
BKNG,2025-02-07,5008.0,5014.68017578125,5002.1201171875,5014.419921875,4334
BKNG,2025-02-07,5003.22998046875,5004.5400390625,5002.2451171875,5003.16015625,1821
BKNG,2025-02-07,5002.3349609375,5018.4599609375,5001.919921875,5018.4599609375,2027
BKNG,2025-02-07,5024.68017578125,5024.68017578125,5024.544921875,5024.544921875,3914
BKNG,2025-02-07,5042.33984375,5042.33984375,5038.18994140625,5038.18994140625,2173
BKNG,2025-02-07,5038.69482421875,5038.69482421875,5038.69482421875,5038.69482421875,303
BKNG,2025-02-07,5036.93994140625,5036.93994140625,5036.93994140625,5036.93994140625,2463
BKNG,2025-02-07,5016.509765625,5020.2001953125,5016.509765625,5020.2001953125,4221
BKNG,2025-02-07,5028.89990234375,5028.89990234375,5002.1201171875,5016.259765625,3221
BKNG,2025-02-07,5022.259765625,5022.259765625,5022.259765625,5022.259765625,671
BKNG,2025-02-07,5028.89990234375,5028.89990234375,5028.89990234375,5028.89990234375,1082
BKNG,2025-02-07,5032.5,5032.5,5020.02001953125,5020.02001953125,1583
BKNG,2025-02-07,5030.0,5030.0,5030.0,5030.0,1154
BKNG,2025-02-07,5030.0,5059.169921875,5030.0,5042.5,1709
BKNG,2025-02-07,5047.919921875,5048.0,5034.5,5048.0,1733
BKNG,2025-02-07,5036.31982421875,5052.3798828125,5021.47998046875,5036.52001953125,6298
BKNG,2025-02-07,5048.5,5053.3798828125,5025.240234375,5036.2099609375,5487
BKNG,2025-02-07,5055.0,5055.0,5025.22021484375,5043.5,3119
BKNG,2025-02-07,5014.8251953125,5050.0,5014.8251953125,5050.0,6314
BKNG,2025-02-07,5022.0,5040.0,5014.8251953125,5016.9501953125,3763
BKNG,2025-02-07,5021.9951171875,5045.0,5021.9951171875,5040.0,2374
BKNG,2025-02-07,4999.9501953125,5072.7001953125,4994.0,4994.0,8427
BKNG,2025-02-07,4943.52001953125,4981.06005859375,4939.0908203125,4981.06005859375,5151
BKNG,2025-02-07,4871.0,4938.43994140625,4871.0,4904.0,4355
BKNG,2025-02-07,4884.89990234375,4885.0,4869.0,4871.0,55658
BKNG,2025-02-06,4776.91015625,4779.18017578125,4774.830078125,4774.830078125,3969
BKNG,2025-02-06,4776.39013671875,4777.68994140625,4775.25,4775.25,4491
BKNG,2025-02-06,4768.97021484375,4777.35498046875,4768.97021484375,4777.35498046875,3268
BKNG,2025-02-06,4772.044921875,4772.044921875,4769.14990234375,4769.31005859375,3051
BKNG,2025-02-06,4772.5400390625,4772.5400390625,4771.27978515625,4771.27978515625,1734
BKNG,2025-02-06,4760.31005859375,4767.71484375,4760.31005859375,4767.71484375,5395
BKNG,2025-02-06,4763.0849609375,4764.18994140625,4761.75,4761.75,3345
BKNG,2025-02-06,4765.455078125,4766.2998046875,4763.35986328125,4763.3701171875,3736
BKNG,2025-02-06,4765.10009765625,4767.830078125,4764.89990234375,4767.830078125,3025
BKNG,2025-02-06,4774.34521484375,4775.01513671875,4767.68994140625,4767.68994140625,2739
BKNG,2025-02-06,4773.89013671875,4773.89013671875,4769.68994140625,4769.68994140625,1108
BKNG,2025-02-06,4772.18505859375,4772.18505859375,4772.18505859375,4772.18505859375,658
BKNG,2025-02-06,4775.8251953125,4775.8251953125,4774.48486328125,4774.48486328125,768
BKNG,2025-02-06,4771.294921875,4779.52490234375,4771.294921875,4779.52490234375,531
BKNG,2025-02-06,4770.15771484375,4770.15771484375,4770.15771484375,4770.15771484375,1828
BKNG,2025-02-06,4777.16015625,4777.16015625,4773.85986328125,4773.85986328125,838
BKNG,2025-02-06,4772.6298828125,4776.76513671875,4772.6298828125,4776.76513671875,1529
BKNG,2025-02-06,4778.10009765625,4778.10009765625,4771.677734375,4771.677734375,1443
BKNG,2025-02-06,4769.544921875,4771.65478515625,4769.544921875,4771.65478515625,1151
BKNG,2025-02-06,4771.625,4771.625,4769.544921875,4769.6875,743
BKNG,2025-02-06,4766.884765625,4768.27001953125,4763.81982421875,4763.81982421875,2923
BKNG,2025-02-06,4769.90478515625,4769.90478515625,4767.830078125,4767.830078125,5182
BKNG,2025-02-06,4768.52978515625,4769.90478515625,4768.52978515625,4769.90478515625,2169
BKNG,2025-02-06,4764.2900390625,4764.2900390625,4764.2900390625,4764.2900390625,1575
BKNG,2025-02-06,4761.384765625,4761.384765625,4757.625,4757.625,2842
BKNG,2025-02-06,4763.669921875,4763.669921875,4763.669921875,4763.669921875,492
BKNG,2025-02-06,4763.41015625,4763.41015625,4761.384765625,4761.384765625,709
BKNG,2025-02-06,4765.4599609375,4765.4599609375,4765.4599609375,4765.4599609375,1288
BKNG,2025-02-06,4767.52978515625,4767.52978515625,4767.52978515625,4767.52978515625,533
BKNG,2025-02-06,4767.5,4767.5,4699.39013671875,4699.39013671875,541
BKNG,2025-02-06,4765.375,4765.375,4765.375,4765.375,827
BKNG,2025-02-06,4768.375,4768.375,4765.875,4765.875,1134
BKNG,2025-02-06,4768.375,4768.375,4768.375,4768.375,210
BKNG,2025-02-06,4769.10986328125,4769.10986328125,4769.10986328125,4769.10986328125,3548
BKNG,2025-02-06,4769.10986328125,4774.259765625,4769.10986328125,4774.259765625,438
BKNG,2025-02-06,4767.02001953125,4767.02001953125,4767.02001953125,4767.02001953125,568
BKNG,2025-02-06,4773.6748046875,4773.6748046875,4773.6748046875,4773.6748046875,537
BKNG,2025-02-06,4773.6748046875,4773.6748046875,4772.75,4772.75,525
BKNG,2025-02-06,4777.35986328125,4777.35986328125,4773.6748046875,4773.6748046875,697
BKNG,2025-02-06,4773.6748046875,4773.6748046875,4773.6748046875,4773.6748046875,135
BKNG,2025-02-06,4775.72021484375,4775.72021484375,4775.72021484375,4775.72021484375,1269
BKNG,2025-02-06,4779.2998046875,4779.2998046875,4775.72021484375,4775.72021484375,610
BKNG,2025-02-06,4787.52490234375,4787.52490234375,4780.0849609375,4780.0849609375,1176
BKNG,2025-02-06,4786.9501953125,4788.0751953125,4786.9501953125,4788.0751953125,1222
BKNG,2025-02-06,4784.43994140625,4785.81005859375,4784.43994140625,4785.81005859375,716
BKNG,2025-02-06,4792.97998046875,4792.97998046875,4789.72998046875,4789.72998046875,722
BKNG,2025-02-06,4794.3701171875,4794.3701171875,4794.3701171875,4794.3701171875,591
BKNG,2025-02-06,4784.794921875,4784.794921875,4784.794921875,4784.794921875,360
BKNG,2025-02-06,4787.365234375,4787.365234375,4787.365234375,4787.365234375,315
BKNG,2025-02-06,4786.1298828125,4786.1298828125,4786.1298828125,4786.1298828125,305
BKNG,2025-02-06,4776.89990234375,4776.89990234375,4776.89990234375,4776.89990234375,562
BKNG,2025-02-06,4764.47998046875,4764.47998046875,4764.080078125,4764.080078125,720
BKNG,2025-02-06,4767.26513671875,4767.26513671875,4767.26513671875,4767.26513671875,1714
BKNG,2025-02-06,4769.73486328125,4769.73486328125,4766.84521484375,4766.84521484375,747
BKNG,2025-02-06,4777.14013671875,4777.14013671875,4777.14013671875,4777.14013671875,1794
BKNG,2025-02-06,4780.75,4780.75,4780.22021484375,4780.75,2955
BKNG,2025-02-06,4774.3349609375,4774.3349609375,4774.3349609375,4774.3349609375,1493
BKNG,2025-02-06,4772.009765625,4772.009765625,4772.009765625,4772.009765625,1600
BKNG,2025-02-06,4775.52490234375,4775.634765625,4775.52490234375,4775.634765625,1380
BKNG,2025-02-06,4775.634765625,4775.634765625,4775.634765625,4775.634765625,1367
BKNG,2025-02-06,4778.3701171875,4778.3701171875,4778.3701171875,4778.3701171875,692
BKNG,2025-02-06,4773.60498046875,4773.60498046875,4773.60498046875,4773.60498046875,245
BKNG,2025-02-06,4774.9951171875,4774.9951171875,4774.9951171875,4774.9951171875,2746
BKNG,2025-02-06,4776.794921875,4776.794921875,4776.794921875,4776.794921875,180
BKNG,2025-02-06,4771.54833984375,4779.84765625,4771.54833984375,4779.84765625,754
BKNG,2025-02-06,4771.60009765625,4771.60009765625,4771.60009765625,4771.60009765625,739
BKNG,2025-02-06,4779.2099609375,4779.2099609375,4779.2099609375,4779.2099609375,575
BKNG,2025-02-06,4771.919921875,4773.240234375,4771.919921875,4773.240234375,542
BKNG,2025-02-06,4773.419921875,4773.419921875,4773.419921875,4773.419921875,1164
BKNG,2025-02-06,4775.669921875,4775.669921875,4775.669921875,4775.669921875,335
BKNG,2025-02-06,4769.58984375,4769.58984375,4769.58984375,4769.58984375,789
BKNG,2025-02-06,4783.21484375,4783.21484375,4783.21484375,4783.21484375,1136
BKNG,2025-02-06,4777.455078125,4777.455078125,4777.455078125,4777.455078125,505
BKNG,2025-02-06,4777.43017578125,4777.43017578125,4777.43017578125,4777.43017578125,242
BKNG,2025-02-06,4772.51513671875,4775.25,4766.52001953125,4770.0,5666
BKNG,2025-02-06,4776.0751953125,4776.0751953125,4771.05517578125,4772.51513671875,870
BKNG,2025-02-06,4790.02490234375,4790.02490234375,4790.02490234375,4790.02490234375,916
BKNG,2025-02-06,4785.85498046875,4790.02490234375,4783.5,4790.02490234375,2096
BKNG,2025-02-06,4783.5,4786.3701171875,4783.5,4785.85498046875,2404
BKNG,2025-02-06,4794.115234375,4794.115234375,4784.365234375,4790.8349609375,4641
BKNG,2025-02-06,4790.15478515625,4790.15478515625,4790.02490234375,4790.02490234375,1981
BKNG,2025-02-06,4792.990234375,4792.990234375,4792.990234375,4792.990234375,435
BKNG,2025-02-06,4789.5849609375,4793.85498046875,4789.5849609375,4793.85498046875,955
BKNG,2025-02-06,4791.009765625,4795.35009765625,4791.009765625,4791.5048828125,4515
BKNG,2025-02-06,4811.75,4811.75,4791.41015625,4791.41015625,4087
BKNG,2025-02-06,4821.10986328125,4821.10986328125,4810.93994140625,4810.93994140625,8368
BKNG,2025-02-06,4825.52001953125,4825.52001953125,4825.52001953125,4825.52001953125,2200
BKNG,2025-02-06,4814.6298828125,4820.81005859375,4814.6298828125,4820.81005859375,1122
BKNG,2025-02-06,4816.0,4820.31494140625,4816.0,4820.31494140625,5334
BKNG,2025-02-06,4819.85986328125,4819.85986328125,4819.85986328125,4819.85986328125,695
BKNG,2025-02-06,4819.81494140625,4819.81494140625,4813.6748046875,4813.6748046875,2620
BKNG,2025-02-06,4828.5673828125,4828.5673828125,4818.93994140625,4820.94482421875,1624
BKNG,2025-02-06,4820.77001953125,4820.77001953125,4820.77001953125,4820.77001953125,584
BKNG,2025-02-06,4829.54833984375,4829.54833984375,4829.54833984375,4829.54833984375,255
BKNG,2025-02-06,4828.09521484375,4828.09521484375,4817.27001953125,4817.27001953125,6569
BKNG,2025-02-06,4822.8349609375,4822.8349609375,4822.8349609375,4822.8349609375,1273
BKNG,2025-02-06,4819.51513671875,4819.51513671875,4819.51513671875,4819.51513671875,226
BKNG,2025-02-06,4819.240234375,4819.240234375,4818.81005859375,4818.81005859375,612
BKNG,2025-02-06,4829.03515625,4829.03515625,4818.81005859375,4819.35986328125,2242
BKNG,2025-02-06,4825.33984375,4825.33984375,4816.9599609375,4816.9599609375,2640
BKNG,2025-02-06,4829.0498046875,4829.0498046875,4829.0498046875,4829.0498046875,920
BKNG,2025-02-06,4827.0498046875,4827.0498046875,4827.0498046875,4827.0498046875,319
BKNG,2025-02-06,4826.490234375,4826.490234375,4826.490234375,4826.490234375,472
BKNG,2025-02-06,4823.5751953125,4823.5751953125,4823.5751953125,4823.5751953125,1026
BKNG,2025-02-06,4825.6201171875,4825.6201171875,4823.10009765625,4823.39990234375,608
BKNG,2025-02-06,4825.93017578125,4825.93017578125,4825.93017578125,4825.93017578125,731
BKNG,2025-02-06,4806.78564453125,4818.8798828125,4806.78564453125,4818.8798828125,2128
BKNG,2025-02-06,4818.0,4818.0,4818.0,4818.0,608
BKNG,2025-02-06,4827.365234375,4827.94482421875,4827.365234375,4827.94482421875,1185
BKNG,2025-02-06,4832.8798828125,4832.8798828125,4832.8798828125,4832.8798828125,1856
BKNG,2025-02-06,4836.125,4836.125,4831.1923828125,4833.83984375,1601
BKNG,2025-02-06,4833.0,4833.0,4832.97021484375,4832.97021484375,205
BKNG,2025-02-06,4836.125,4836.125,4836.125,4836.125,996
BKNG,2025-02-06,4835.10009765625,4838.3251953125,4835.10009765625,4838.3251953125,1359
BKNG,2025-02-06,4831.9501953125,4831.9501953125,4831.9501953125,4831.9501953125,1315
BKNG,2025-02-06,4832.15478515625,4832.15478515625,4832.15478515625,4832.15478515625,2659
BKNG,2025-02-06,4831.91015625,4831.91015625,4831.91015625,4831.91015625,148
BKNG,2025-02-06,4836.41015625,4836.41015625,4836.41015625,4836.41015625,154
BKNG,2025-02-06,4836.41015625,4836.41015625,4836.41015625,4836.41015625,367
BKNG,2025-02-06,4833.740234375,4833.740234375,4833.740234375,4833.740234375,876
BKNG,2025-02-06,4840.0498046875,4840.0498046875,4839.3798828125,4839.3798828125,1168
BKNG,2025-02-06,4838.68017578125,4838.68017578125,4838.68017578125,4838.68017578125,532
BKNG,2025-02-06,4840.0498046875,4840.2548828125,4840.0498046875,4840.0498046875,1505
BKNG,2025-02-06,4840.0498046875,4840.0498046875,4840.0498046875,4840.0498046875,490
BKNG,2025-02-06,4844.72021484375,4844.72021484375,4844.72021484375,4844.72021484375,783
BKNG,2025-02-06,4839.93017578125,4839.93017578125,4839.93017578125,4839.93017578125,619
BKNG,2025-02-06,4844.93017578125,4845.31982421875,4844.93017578125,4845.2998046875,1754
BKNG,2025-02-06,4844.93017578125,4844.93017578125,4844.93017578125,4844.93017578125,1260
BKNG,2025-02-06,4844.2099609375,4844.2099609375,4840.3251953125,4840.3251953125,1293
BKNG,2025-02-06,4847.0,4847.0,4842.009765625,4842.009765625,584
BKNG,2025-02-06,4836.740234375,4836.740234375,4836.740234375,4836.740234375,1019
BKNG,2025-02-06,4826.60498046875,4826.60498046875,4826.60498046875,4826.60498046875,2729
BKNG,2025-02-06,4819.544921875,4819.544921875,4819.544921875,4819.544921875,583
BKNG,2025-02-06,4820.18017578125,4820.18017578125,4820.18017578125,4820.18017578125,134
BKNG,2025-02-06,4819.09521484375,4819.09521484375,4818.59521484375,4818.59521484375,4448
BKNG,2025-02-06,4820.0,4820.0,4820.0,4820.0,659
BKNG,2025-02-06,4820.384765625,4820.384765625,4820.384765625,4820.384765625,1216
BKNG,2025-02-06,4815.794921875,4819.97021484375,4815.794921875,4819.97021484375,1685
BKNG,2025-02-06,4815.794921875,4815.794921875,4815.794921875,4815.794921875,2537
BKNG,2025-02-06,4819.5,4819.5,4819.5,4819.5,559
BKNG,2025-02-06,4823.43505859375,4823.43505859375,4823.43505859375,4823.43505859375,633
BKNG,2025-02-06,4830.52001953125,4830.52001953125,4812.7001953125,4812.7001953125,1964
BKNG,2025-02-06,4814.47021484375,4814.47021484375,4814.47021484375,4814.47021484375,2120
BKNG,2025-02-06,4814.47021484375,4814.47021484375,4814.47021484375,4814.47021484375,697
BKNG,2025-02-06,4810.76513671875,4814.47021484375,4810.76513671875,4814.47021484375,1306
BKNG,2025-02-06,4804.990234375,4804.990234375,4804.990234375,4804.990234375,898
BKNG,2025-02-06,4803.18994140625,4803.39013671875,4794.05517578125,4794.05517578125,555
BKNG,2025-02-06,4806.22021484375,4806.22021484375,4806.22021484375,4806.22021484375,340
BKNG,2025-02-06,4825.830078125,4825.830078125,4825.830078125,4825.830078125,2267
BKNG,2025-02-06,4815.009765625,4819.794921875,4815.009765625,4819.794921875,2411
BKNG,2025-02-06,4826.759765625,4826.759765625,4826.759765625,4826.759765625,622
BKNG,2025-02-06,4815.35986328125,4815.35986328125,4815.35986328125,4815.35986328125,1716
BKNG,2025-02-06,4815.35986328125,4815.35986328125,4815.35986328125,4815.35986328125,346
BKNG,2025-02-06,4811.0,4811.0,4805.65478515625,4805.65478515625,1437
BKNG,2025-02-06,4804.8701171875,4804.8701171875,4804.8701171875,4804.8701171875,970
BKNG,2025-02-06,4804.8701171875,4804.8701171875,4804.8701171875,4804.8701171875,1138
BKNG,2025-02-06,4804.31982421875,4804.31982421875,4803.60986328125,4803.60986328125,560
BKNG,2025-02-06,4803.31005859375,4803.31005859375,4803.31005859375,4803.31005859375,971
BKNG,2025-02-06,4803.31005859375,4803.31005859375,4799.81005859375,4799.81005859375,688
BKNG,2025-02-06,4800.9599609375,4803.31005859375,4800.9599609375,4803.31005859375,1459
BKNG,2025-02-06,4795.55517578125,4795.55517578125,4795.55517578125,4795.55517578125,1166
BKNG,2025-02-06,4792.884765625,4792.884765625,4792.884765625,4792.884765625,2124
BKNG,2025-02-06,4794.044921875,4794.044921875,4790.68017578125,4790.68017578125,756
BKNG,2025-02-06,4800.759765625,4800.759765625,4800.759765625,4800.759765625,1590
BKNG,2025-02-06,4807.75,4807.75,4807.75,4807.75,1663
BKNG,2025-02-06,4815.43115234375,4815.43115234375,4815.43115234375,4815.43115234375,1441
BKNG,2025-02-06,4799.25,4799.25,4799.25,4799.25,1022
BKNG,2025-02-06,4804.09521484375,4804.09521484375,4804.09521484375,4804.09521484375,1221
BKNG,2025-02-06,4799.25,4800.9501953125,4799.25,4800.9501953125,3054
BKNG,2025-02-06,4780.31494140625,4780.31494140625,4780.31005859375,4780.31494140625,3372
BKNG,2025-02-06,4791.044921875,4791.044921875,4791.044921875,4791.044921875,1364
BKNG,2025-02-06,4765.955078125,4800.0,4765.955078125,4800.0,2321
BKNG,2025-02-06,4762.14501953125,4762.14501953125,4762.14501953125,4762.14501953125,300
BKNG,2025-02-06,4795.0,4795.0,4795.0,4795.0,755
BKNG,2025-02-06,4757.77978515625,4757.77978515625,4757.77978515625,4757.77978515625,1645
BKNG,2025-02-06,4762.384765625,4762.384765625,4762.384765625,4762.384765625,849
BKNG,2025-02-06,4737.47021484375,4737.47021484375,4737.47021484375,4737.47021484375,1338
BKNG,2025-02-06,4730.64013671875,4730.64013671875,4729.8798828125,4729.8798828125,3710
BKNG,2025-02-05,4700.0,4700.0,4694.009765625,4698.0498046875,8356
BKNG,2025-02-05,4700.8798828125,4700.8798828125,4700.0,4700.1201171875,6190
BKNG,2025-02-05,4703.794921875,4704.89990234375,4700.8798828125,4700.8798828125,4987
BKNG,2025-02-05,4710.52978515625,4710.93505859375,4710.52978515625,4710.93505859375,2229
BKNG,2025-02-05,4710.77001953125,4714.97998046875,4707.97021484375,4710.6298828125,4980
BKNG,2025-02-05,4718.009765625,4718.08984375,4714.97998046875,4714.97998046875,4133
BKNG,2025-02-05,4722.34521484375,4722.34521484375,4718.02001953125,4718.02001953125,1217
BKNG,2025-02-05,4722.9501953125,4723.3798828125,4717.43017578125,4718.330078125,2525
BKNG,2025-02-05,4726.83984375,4726.83984375,4726.83984375,4726.83984375,1409
BKNG,2025-02-05,4727.9501953125,4727.9501953125,4727.9501953125,4727.9501953125,722
BKNG,2025-02-05,4729.3349609375,4732.919921875,4729.3349609375,4732.919921875,2366
BKNG,2025-02-05,4731.0849609375,4731.72998046875,4726.14013671875,4731.72998046875,3266
BKNG,2025-02-05,4735.19482421875,4735.19482421875,4731.865234375,4731.865234375,1369
BKNG,2025-02-05,4738.26513671875,4738.26513671875,4738.26513671875,4738.26513671875,618
BKNG,2025-02-05,4733.009765625,4733.009765625,4733.009765625,4733.009765625,1194
BKNG,2025-02-05,4733.634765625,4733.634765625,4733.634765625,4733.634765625,2463
BKNG,2025-02-05,4726.919921875,4726.919921875,4726.919921875,4726.919921875,1891
BKNG,2025-02-05,4737.14013671875,4737.14013671875,4737.14013671875,4737.14013671875,2730
BKNG,2025-02-05,4732.56982421875,4732.56982421875,4732.56982421875,4732.56982421875,1437
BKNG,2025-02-05,4742.85498046875,4742.85498046875,4742.85498046875,4742.85498046875,1829
BKNG,2025-02-05,4748.03857421875,4748.03857421875,4748.03857421875,4748.03857421875,2148
BKNG,2025-02-05,4750.5498046875,4750.5498046875,4750.5498046875,4750.5498046875,1636
BKNG,2025-02-05,4754.77978515625,4754.77978515625,4752.2548828125,4752.2548828125,766
BKNG,2025-02-05,4750.34521484375,4750.34521484375,4750.34521484375,4750.34521484375,543
BKNG,2025-02-05,4753.3798828125,4753.3798828125,4748.14990234375,4748.14990234375,1187
BKNG,2025-02-05,4754.759765625,4754.759765625,4749.94482421875,4749.94482421875,1095
BKNG,2025-02-05,4751.31982421875,4751.31982421875,4751.31982421875,4751.31982421875,774
BKNG,2025-02-05,4750.05517578125,4750.05517578125,4750.05517578125,4750.05517578125,817
BKNG,2025-02-05,4748.384765625,4748.384765625,4748.384765625,4748.384765625,545
BKNG,2025-02-05,4751.64990234375,4752.3251953125,4751.64990234375,4752.3251953125,665
BKNG,2025-02-05,4753.30517578125,4753.30517578125,4753.30517578125,4753.30517578125,3053
BKNG,2025-02-05,4751.375,4751.375,4751.375,4751.375,1651
BKNG,2025-02-05,4748.2998046875,4748.2998046875,4748.2998046875,4748.2998046875,429
BKNG,2025-02-05,4743.27490234375,4743.27490234375,4743.27490234375,4743.27490234375,660
BKNG,2025-02-05,4743.27001953125,4743.27001953125,4743.27001953125,4743.27001953125,1512
BKNG,2025-02-05,4745.0,4745.0,4745.0,4745.0,1897
BKNG,2025-02-05,4747.240234375,4747.240234375,4747.240234375,4747.240234375,554
BKNG,2025-02-05,4741.7998046875,4741.7998046875,4741.7998046875,4741.7998046875,799
BKNG,2025-02-05,4742.4150390625,4746.66015625,4742.4150390625,4743.39990234375,633
BKNG,2025-02-05,4744.4248046875,4746.75,4744.4248046875,4744.4248046875,1209
BKNG,2025-02-05,4744.7900390625,4747.72021484375,4744.7900390625,4747.72021484375,833
BKNG,2025-02-05,4748.38623046875,4748.38623046875,4748.38623046875,4748.38623046875,2056
BKNG,2025-02-05,4752.990234375,4752.990234375,4752.990234375,4752.990234375,1318
BKNG,2025-02-05,4755.634765625,4755.634765625,4755.634765625,4755.634765625,693
BKNG,2025-02-05,4756.6298828125,4756.6298828125,4756.6298828125,4756.6298828125,604
BKNG,2025-02-05,4757.89990234375,4757.89990234375,4757.89990234375,4757.89990234375,133
BKNG,2025-02-05,4756.44482421875,4756.607421875,4756.44482421875,4756.607421875,454
BKNG,2025-02-05,4757.0,4757.89990234375,4756.634765625,4757.89990234375,1577
BKNG,2025-02-05,4754.134765625,4754.134765625,4754.134765625,4754.134765625,612
BKNG,2025-02-05,4755.134765625,4756.0,4755.134765625,4756.0,610
BKNG,2025-02-05,4755.63623046875,4755.63623046875,4755.63623046875,4755.63623046875,134
BKNG,2025-02-05,4755.634765625,4755.634765625,4755.634765625,4755.634765625,315
BKNG,2025-02-05,4760.1845703125,4760.1845703125,4757.5498046875,4757.5498046875,829
BKNG,2025-02-05,4758.3349609375,4758.3349609375,4757.31494140625,4757.31494140625,693
BKNG,2025-02-05,4758.3349609375,4758.3349609375,4758.3349609375,4758.3349609375,272
BKNG,2025-02-05,4761.919921875,4761.919921875,4761.919921875,4761.919921875,1661
BKNG,2025-02-05,4760.884765625,4760.884765625,4760.884765625,4760.884765625,426
BKNG,2025-02-05,4762.43994140625,4762.43994140625,4762.43994140625,4762.43994140625,1464
BKNG,2025-02-05,4765.9599609375,4765.9599609375,4765.9599609375,4765.9599609375,1207
BKNG,2025-02-05,4765.9951171875,4765.9951171875,4765.9951171875,4765.9951171875,746
BKNG,2025-02-05,4772.52001953125,4772.52001953125,4772.5,4772.5,1467
BKNG,2025-02-05,4777.669921875,4777.669921875,4777.669921875,4777.669921875,1178
BKNG,2025-02-05,4778.6748046875,4778.6748046875,4778.6748046875,4778.6748046875,1440
BKNG,2025-02-05,4770.0751953125,4770.0751953125,4770.0751953125,4770.0751953125,1334
BKNG,2025-02-05,4766.509765625,4766.509765625,4755.2099609375,4755.2099609375,2049
BKNG,2025-02-05,4745.41015625,4751.0,4745.41015625,4751.0,3348
BKNG,2025-02-05,4749.9599609375,4749.9599609375,4749.9599609375,4749.9599609375,1413
BKNG,2025-02-05,4741.7998046875,4741.7998046875,4741.490234375,4741.490234375,2146
BKNG,2025-02-05,4744.72998046875,4744.72998046875,4744.72998046875,4744.72998046875,406
BKNG,2025-02-05,4743.18896484375,4743.18896484375,4743.18896484375,4743.18896484375,118
BKNG,2025-02-05,4745.39990234375,4745.69482421875,4739.8798828125,4745.69482421875,3345
BKNG,2025-02-05,4745.39501953125,4745.39501953125,4745.39501953125,4745.39501953125,387
BKNG,2025-02-05,4736.64013671875,4736.64013671875,4736.64013671875,4736.64013671875,528
BKNG,2025-02-05,4736.27490234375,4742.0849609375,4736.27490234375,4742.0849609375,1782
BKNG,2025-02-05,4732.43505859375,4736.1298828125,4732.43505859375,4736.1298828125,1946
BKNG,2025-02-05,4733.75,4735.47509765625,4733.75,4734.91015625,1366
BKNG,2025-02-05,4733.25,4733.25,4733.25,4733.25,344
BKNG,2025-02-05,4730.18505859375,4730.18505859375,4730.18505859375,4730.18505859375,716
BKNG,2025-02-05,4726.09521484375,4727.615234375,4726.09521484375,4727.615234375,554
BKNG,2025-02-05,4729.73486328125,4729.73486328125,4729.73486328125,4729.73486328125,483
BKNG,2025-02-05,4731.884765625,4733.384765625,4731.884765625,4733.384765625,706
BKNG,2025-02-05,4730.18994140625,4730.18994140625,4730.18994140625,4730.18994140625,365
BKNG,2025-02-05,4733.98486328125,4733.98486328125,4730.18505859375,4730.18505859375,845
BKNG,2025-02-05,4721.4248046875,4723.6298828125,4719.10009765625,4723.6298828125,2517
BKNG,2025-02-05,4721.4248046875,4721.4248046875,4721.4248046875,4721.4248046875,767
BKNG,2025-02-05,4721.18505859375,4721.18505859375,4717.89990234375,4721.18505859375,705
BKNG,2025-02-05,4721.18505859375,4721.18505859375,4721.18505859375,4721.18505859375,408
BKNG,2025-02-05,4719.0625,4719.0625,4718.134765625,4718.134765625,1159
BKNG,2025-02-05,4720.31005859375,4722.10986328125,4713.51513671875,4722.10986328125,1370
BKNG,2025-02-05,4717.02490234375,4717.02490234375,4717.02490234375,4717.02490234375,187
BKNG,2025-02-05,4720.18994140625,4720.18994140625,4720.18994140625,4720.18994140625,596
BKNG,2025-02-05,4712.2998046875,4712.2998046875,4711.09521484375,4711.09521484375,961
BKNG,2025-02-05,4717.64990234375,4717.64990234375,4717.64990234375,4717.64990234375,216
BKNG,2025-02-05,4712.330078125,4716.46484375,4712.330078125,4716.46484375,621
BKNG,2025-02-05,4719.66015625,4719.66015625,4708.53515625,4712.0498046875,813
BKNG,2025-02-05,4708.919921875,4708.919921875,4708.919921875,4708.919921875,326
BKNG,2025-02-05,4717.5498046875,4717.5498046875,4706.169921875,4706.169921875,321
BKNG,2025-02-05,4704.27490234375,4704.27490234375,4704.27490234375,4704.27490234375,353
BKNG,2025-02-05,4707.77978515625,4707.77978515625,4707.77978515625,4707.77978515625,596
BKNG,2025-02-05,4710.71484375,4712.169921875,4709.27001953125,4712.169921875,2926
BKNG,2025-02-05,4703.205078125,4709.27001953125,4701.669921875,4702.66259765625,2050
BKNG,2025-02-05,4706.830078125,4709.43994140625,4702.115234375,4709.43994140625,950
BKNG,2025-02-05,4709.47021484375,4709.47021484375,4706.830078125,4706.830078125,483
BKNG,2025-02-05,4701.84521484375,4701.84521484375,4701.84521484375,4701.84521484375,453
BKNG,2025-02-05,4702.634765625,4702.634765625,4698.98486328125,4698.98486328125,523
BKNG,2025-02-05,4700.0,4703.9150390625,4700.0,4703.9150390625,2634
BKNG,2025-02-05,4692.919921875,4692.919921875,4685.8251953125,4685.8251953125,1407
BKNG,2025-02-05,4688.3701171875,4691.68017578125,4687.15478515625,4691.68017578125,2022
BKNG,2025-02-05,4684.3701171875,4684.3701171875,4684.3701171875,4684.3701171875,733
BKNG,2025-02-05,4693.490234375,4693.490234375,4684.39990234375,4684.39990234375,898
BKNG,2025-02-05,4693.490234375,4693.490234375,4693.490234375,4693.490234375,110
BKNG,2025-02-05,4700.1201171875,4700.1201171875,4700.1201171875,4700.1201171875,1311
BKNG,2025-02-05,4694.6748046875,4694.6748046875,4694.669921875,4694.6748046875,1154
BKNG,2025-02-05,4694.6748046875,4699.875,4694.6748046875,4694.6748046875,3405
BKNG,2025-02-05,4684.06982421875,4684.06982421875,4684.06982421875,4684.06982421875,955
BKNG,2025-02-05,4703.84521484375,4703.84521484375,4691.8798828125,4691.8798828125,1711
BKNG,2025-02-05,4705.5,4705.5,4689.2001953125,4703.84521484375,876
BKNG,2025-02-05,4700.509765625,4706.91015625,4700.509765625,4706.91015625,2616
BKNG,2025-02-05,4713.1298828125,4718.240234375,4713.1298828125,4718.240234375,2088
BKNG,2025-02-05,4721.52490234375,4721.52490234375,4721.52001953125,4721.52490234375,413
BKNG,2025-02-05,4717.794921875,4717.794921875,4717.794921875,4717.794921875,450
BKNG,2025-02-05,4700.705078125,4700.705078125,4700.705078125,4700.705078125,689
BKNG,2025-02-05,4698.3251953125,4698.3251953125,4698.3251953125,4698.3251953125,347
BKNG,2025-02-05,4694.75,4694.75,4694.75,4694.75,1321
BKNG,2025-02-05,4694.75,4694.75,4694.75,4694.75,112
BKNG,2025-02-05,4687.875,4687.875,4687.875,4687.875,608
BKNG,2025-02-05,4688.43017578125,4693.47998046875,4688.43017578125,4693.47998046875,3588
BKNG,2025-02-04,4677.08984375,4678.56005859375,4673.16015625,4673.16015625,7549
BKNG,2025-02-04,4673.56005859375,4674.240234375,4670.89990234375,4674.240234375,2468
BKNG,2025-02-04,4672.509765625,4672.509765625,4672.509765625,4672.509765625,642
BKNG,2025-02-04,4679.68017578125,4679.68017578125,4673.10009765625,4675.48486328125,8315
BKNG,2025-02-04,4682.6748046875,4684.05517578125,4677.0400390625,4677.0400390625,3502
BKNG,2025-02-04,4681.22021484375,4681.22021484375,4679.31005859375,4679.31005859375,3643
BKNG,2025-02-04,4674.64501953125,4677.83984375,4674.64501953125,4677.83984375,1201
BKNG,2025-02-04,4679.7900390625,4679.9599609375,4679.7900390625,4679.9599609375,3526
BKNG,2025-02-04,4674.85009765625,4674.85009765625,4674.85009765625,4674.85009765625,719
BKNG,2025-02-04,4680.875,4680.875,4680.875,4680.875,548
BKNG,2025-02-04,4683.865234375,4683.865234375,4683.865234375,4683.865234375,744
BKNG,2025-02-04,4683.865234375,4683.865234375,4683.27001953125,4683.27001953125,1909
BKNG,2025-02-04,4686.35009765625,4686.35009765625,4686.35009765625,4686.35009765625,868
BKNG,2025-02-04,4685.9599609375,4685.9599609375,4685.9599609375,4685.9599609375,291
BKNG,2025-02-04,4682.9501953125,4682.9501953125,4682.9501953125,4682.9501953125,606
BKNG,2025-02-04,4679.72265625,4679.72265625,4679.72265625,4679.72265625,1979
BKNG,2025-02-04,4678.52978515625,4678.81005859375,4678.52978515625,4678.81005859375,1644
BKNG,2025-02-04,4680.8623046875,4680.8623046875,4680.2548828125,4680.2548828125,1054
BKNG,2025-02-04,4672.259765625,4672.259765625,4672.259765625,4672.259765625,2217
BKNG,2025-02-04,4674.830078125,4674.830078125,4673.375,4673.375,953
BKNG,2025-02-04,4673.10009765625,4673.365234375,4673.10009765625,4673.365234375,1624
BKNG,2025-02-04,4671.2001953125,4673.10498046875,4671.2001953125,4673.10498046875,821
BKNG,2025-02-04,4668.06494140625,4668.06494140625,4668.06494140625,4668.06494140625,1593
BKNG,2025-02-04,4669.43994140625,4669.43994140625,4669.43994140625,4669.43994140625,908
BKNG,2025-02-04,4671.009765625,4671.009765625,4671.009765625,4671.009765625,1066
BKNG,2025-02-04,4672.080078125,4672.080078125,4670.580078125,4670.580078125,1927
BKNG,2025-02-04,4667.419921875,4671.330078125,4667.419921875,4671.330078125,2787
BKNG,2025-02-04,4674.884765625,4674.884765625,4674.884765625,4674.884765625,752
BKNG,2025-02-04,4670.73486328125,4670.73486328125,4670.73486328125,4670.73486328125,344
BKNG,2025-02-04,4680.83984375,4680.83984375,4680.83984375,4680.83984375,1827
BKNG,2025-02-04,4680.22021484375,4680.22021484375,4680.22021484375,4680.22021484375,1275
BKNG,2025-02-04,4685.0,4685.0,4685.0,4685.0,1284
BKNG,2025-02-04,4687.7451171875,4687.7451171875,4687.7451171875,4687.7451171875,532
BKNG,2025-02-04,4687.85986328125,4687.85986328125,4687.85986328125,4687.85986328125,180
BKNG,2025-02-04,4689.75,4689.75,4689.75,4689.75,621
BKNG,2025-02-04,4695.81005859375,4695.81005859375,4695.81005859375,4695.81005859375,686
BKNG,2025-02-04,4697.97509765625,4697.97509765625,4697.97509765625,4697.97509765625,2608
BKNG,2025-02-04,4689.89990234375,4689.89990234375,4689.89990234375,4689.89990234375,2414
BKNG,2025-02-04,4696.28515625,4696.28515625,4696.28515625,4696.28515625,1189
BKNG,2025-02-04,4700.01513671875,4700.01513671875,4700.01513671875,4700.01513671875,314
BKNG,2025-02-04,4694.2099609375,4694.2099609375,4694.2099609375,4694.2099609375,983
BKNG,2025-02-04,4692.18017578125,4692.18017578125,4692.18017578125,4692.18017578125,6212
BKNG,2025-02-04,4692.1201171875,4693.89990234375,4692.1201171875,4693.89990234375,511
BKNG,2025-02-04,4698.9150390625,4698.9150390625,4696.169921875,4696.169921875,1837
BKNG,2025-02-04,4698.9150390625,4698.9150390625,4698.9150390625,4698.9150390625,151
BKNG,2025-02-04,4703.2998046875,4703.2998046875,4698.9150390625,4698.9150390625,875
BKNG,2025-02-04,4708.60986328125,4708.60986328125,4708.60986328125,4708.60986328125,1379
BKNG,2025-02-04,4706.2900390625,4706.2900390625,4705.2548828125,4705.2548828125,1731
BKNG,2025-02-04,4705.0,4705.0,4705.0,4705.0,2003
BKNG,2025-02-04,4708.97998046875,4708.97998046875,4708.97998046875,4708.97998046875,1279
BKNG,2025-02-04,4715.3701171875,4715.3701171875,4715.3701171875,4715.3701171875,281
BKNG,2025-02-04,4712.2998046875,4712.2998046875,4712.2998046875,4712.2998046875,350
BKNG,2025-02-04,4721.85986328125,4721.85986328125,4721.85986328125,4721.85986328125,504
BKNG,2025-02-04,4717.919921875,4717.919921875,4717.919921875,4717.919921875,213
BKNG,2025-02-04,4718.97021484375,4718.97021484375,4718.97021484375,4718.97021484375,220
BKNG,2025-02-04,4718.4599609375,4718.4599609375,4716.56005859375,4716.56005859375,1307
BKNG,2025-02-04,4716.68994140625,4718.6650390625,4716.68994140625,4718.4599609375,1763
BKNG,2025-02-04,4720.65478515625,4720.65478515625,4720.65478515625,4720.65478515625,408
BKNG,2025-02-04,4722.330078125,4722.330078125,4719.990234375,4719.990234375,690
BKNG,2025-02-04,4721.08984375,4721.08984375,4721.08984375,4721.08984375,1878
BKNG,2025-02-04,4722.2998046875,4722.2998046875,4718.1298828125,4720.47998046875,1465
BKNG,2025-02-04,4718.97509765625,4718.97509765625,4718.97509765625,4718.97509765625,774
BKNG,2025-02-04,4718.60009765625,4718.60009765625,4718.60009765625,4718.60009765625,1457
BKNG,2025-02-04,4717.02490234375,4720.75,4717.02490234375,4720.75,470
BKNG,2025-02-04,4712.89990234375,4712.89990234375,4712.89990234375,4712.89990234375,507
BKNG,2025-02-04,4714.64990234375,4714.64990234375,4714.64990234375,4714.64990234375,1478
BKNG,2025-02-04,4708.0498046875,4708.0498046875,4708.0498046875,4708.0498046875,673
BKNG,2025-02-04,4706.72021484375,4706.72021484375,4706.72021484375,4706.72021484375,273
BKNG,2025-02-04,4706.21484375,4706.21484375,4705.56005859375,4705.56005859375,2095
BKNG,2025-02-04,4706.21484375,4706.21484375,4706.21484375,4706.21484375,478
BKNG,2025-02-04,4708.35009765625,4708.35009765625,4705.35009765625,4706.2099609375,2367
BKNG,2025-02-04,4706.72021484375,4707.83984375,4706.72021484375,4707.83984375,1177
BKNG,2025-02-04,4706.72021484375,4706.72021484375,4706.72021484375,4706.72021484375,293
BKNG,2025-02-04,4707.4150390625,4707.4150390625,4707.4150390625,4707.4150390625,694
BKNG,2025-02-04,4702.5849609375,4704.7548828125,4700.60986328125,4704.7548828125,2131
BKNG,2025-02-04,4703.35498046875,4703.35498046875,4703.35498046875,4703.35498046875,192
BKNG,2025-02-04,4702.46484375,4702.46484375,4702.46484375,4702.46484375,346
BKNG,2025-02-04,4703.1650390625,4703.1650390625,4703.1650390625,4703.1650390625,422
BKNG,2025-02-04,4700.93994140625,4702.18994140625,4700.93994140625,4702.18994140625,1550
BKNG,2025-02-04,4694.830078125,4694.830078125,4694.830078125,4694.830078125,4783
BKNG,2025-02-04,4693.39990234375,4694.2900390625,4693.39990234375,4694.2900390625,1926
BKNG,2025-02-04,4690.7294921875,4692.90478515625,4690.21484375,4690.21484375,3485
BKNG,2025-02-04,4692.22509765625,4692.22509765625,4690.56494140625,4690.56494140625,382
BKNG,2025-02-04,4690.2099609375,4692.2900390625,4690.0,4691.2099609375,2056
BKNG,2025-02-04,4690.3251953125,4690.3251953125,4690.3251953125,4690.3251953125,111
BKNG,2025-02-04,4696.66015625,4696.759765625,4696.66015625,4696.759765625,953
BKNG,2025-02-04,4693.97998046875,4693.97998046875,4693.97998046875,4693.97998046875,1218
BKNG,2025-02-04,4695.14990234375,4695.14990234375,4695.14990234375,4695.14990234375,1258
BKNG,2025-02-04,4692.33984375,4692.33984375,4691.85009765625,4691.85009765625,1052
BKNG,2025-02-04,4691.33984375,4691.33984375,4691.33984375,4691.33984375,1159
BKNG,2025-02-04,4696.83984375,4696.83984375,4696.83984375,4696.83984375,727
BKNG,2025-02-04,4699.59521484375,4699.59521484375,4699.59521484375,4699.59521484375,479
BKNG,2025-02-04,4695.669921875,4695.669921875,4695.669921875,4695.669921875,4899
BKNG,2025-02-04,4694.5,4697.41015625,4694.5,4697.41015625,538
BKNG,2025-02-04,4703.3798828125,4705.10498046875,4703.3798828125,4705.10498046875,4325
BKNG,2025-02-04,4704.39990234375,4704.39990234375,4704.39990234375,4704.39990234375,2122
BKNG,2025-02-04,4699.96484375,4704.509765625,4699.96484375,4704.509765625,4423
BKNG,2025-02-04,4697.64990234375,4697.64990234375,4697.64990234375,4697.64990234375,3706
BKNG,2025-02-04,4692.18994140625,4692.18994140625,4692.18994140625,4692.18994140625,1593
BKNG,2025-02-04,4695.27978515625,4695.830078125,4695.27978515625,4695.6298828125,3006
BKNG,2025-02-04,4699.47021484375,4699.47021484375,4699.47021484375,4699.47021484375,468
BKNG,2025-02-04,4703.06982421875,4703.06982421875,4703.06982421875,4703.06982421875,2653
BKNG,2025-02-04,4695.134765625,4695.134765625,4695.134765625,4695.134765625,1702
BKNG,2025-02-04,4694.03515625,4694.03515625,4694.03515625,4694.03515625,660
BKNG,2025-02-04,4696.41015625,4696.41015625,4696.41015625,4696.41015625,377
BKNG,2025-02-04,4690.44482421875,4690.44482421875,4690.44482421875,4690.44482421875,650
BKNG,2025-02-04,4687.35986328125,4687.35986328125,4687.35986328125,4687.35986328125,1036
BKNG,2025-02-04,4690.490234375,4691.8798828125,4688.52001953125,4688.52001953125,4567
BKNG,2025-02-04,4678.134765625,4678.134765625,4678.134765625,4678.134765625,3207
BKNG,2025-02-04,4675.56494140625,4675.56494140625,4675.56005859375,4675.56494140625,458
BKNG,2025-02-04,4671.009765625,4672.64501953125,4671.009765625,4672.64501953125,2370
BKNG,2025-02-04,4661.6201171875,4663.830078125,4658.044921875,4663.7998046875,3395
BKNG,2025-02-04,4663.10009765625,4663.10009765625,4663.10009765625,4663.10009765625,742
BKNG,2025-02-04,4666.02978515625,4666.02978515625,4666.02978515625,4666.02978515625,871
BKNG,2025-02-04,4664.8798828125,4664.8798828125,4664.8798828125,4664.8798828125,1661
BKNG,2025-02-04,4664.8798828125,4664.8798828125,4664.8798828125,4664.8798828125,249
BKNG,2025-02-04,4664.875,4664.875,4664.875,4664.875,539
BKNG,2025-02-04,4670.509765625,4674.125,4670.509765625,4674.125,4523
BKNG,2025-02-03,4693.43994140625,4696.47998046875,4687.89990234375,4687.89990234375,6445
BKNG,2025-02-03,4695.919921875,4696.47998046875,4693.10986328125,4696.47998046875,3460
BKNG,2025-02-03,4689.43994140625,4696.02978515625,4686.5498046875,4696.02978515625,3122
BKNG,2025-02-03,4684.1201171875,4689.52001953125,4684.1201171875,4689.52001953125,2425
BKNG,2025-02-03,4686.0,4688.56982421875,4686.0,4686.759765625,4495
BKNG,2025-02-03,4697.9501953125,4697.9501953125,4695.4599609375,4695.4599609375,623
BKNG,2025-02-03,4704.39990234375,4704.39990234375,4699.919921875,4701.27978515625,3415
BKNG,2025-02-03,4698.56982421875,4701.27978515625,4698.56982421875,4701.27978515625,1764
BKNG,2025-02-03,4703.41015625,4704.0,4701.009765625,4703.8349609375,2999
BKNG,2025-02-03,4705.669921875,4705.669921875,4705.669921875,4705.669921875,1111
BKNG,2025-02-03,4709.60986328125,4709.60986328125,4703.01513671875,4704.56005859375,3216
BKNG,2025-02-03,4710.259765625,4710.259765625,4710.259765625,4710.259765625,1324
BKNG,2025-02-03,4708.97021484375,4708.97021484375,4708.97021484375,4708.97021484375,597
BKNG,2025-02-03,4708.97021484375,4708.97021484375,4708.97021484375,4708.97021484375,476
BKNG,2025-02-03,4715.919921875,4715.919921875,4708.97021484375,4708.97021484375,1251
BKNG,2025-02-03,4716.93994140625,4716.93994140625,4710.08984375,4710.08984375,2840
BKNG,2025-02-03,4719.5048828125,4719.5048828125,4719.5048828125,4719.5048828125,333
BKNG,2025-02-03,4716.66015625,4716.66015625,4716.66015625,4716.66015625,2204
BKNG,2025-02-03,4723.27490234375,4723.27490234375,4723.27490234375,4723.27490234375,1479
BKNG,2025-02-03,4721.875,4721.875,4721.875,4721.875,409
BKNG,2025-02-03,4716.43017578125,4716.43017578125,4716.43017578125,4716.43017578125,1882
BKNG,2025-02-03,4716.43017578125,4716.43017578125,4716.43017578125,4716.43017578125,636
BKNG,2025-02-03,4719.4248046875,4719.4248046875,4715.3798828125,4715.3798828125,1412
BKNG,2025-02-03,4715.58984375,4715.58984375,4715.58984375,4715.58984375,147
BKNG,2025-02-03,4716.8798828125,4720.2001953125,4716.8798828125,4720.2001953125,1268
BKNG,2025-02-03,4720.2001953125,4720.2001953125,4720.2001953125,4720.2001953125,450
BKNG,2025-02-03,4721.39990234375,4721.39990234375,4721.39990234375,4721.39990234375,367
BKNG,2025-02-03,4719.5400390625,4719.5400390625,4719.5400390625,4719.5400390625,531
BKNG,2025-02-03,4718.134765625,4718.134765625,4718.134765625,4718.134765625,510
BKNG,2025-02-03,4715.0,4717.6201171875,4715.0,4717.6201171875,1885
BKNG,2025-02-03,4718.68505859375,4718.68505859375,4717.25,4717.25,1412
BKNG,2025-02-03,4718.98486328125,4718.98486328125,4718.98486328125,4718.98486328125,548
BKNG,2025-02-03,4719.48486328125,4722.44482421875,4719.48486328125,4722.44482421875,2441
BKNG,2025-02-03,4719.48486328125,4719.48486328125,4719.48486328125,4719.48486328125,1233
BKNG,2025-02-03,4722.44482421875,4722.44482421875,4722.44482421875,4722.44482421875,2492
BKNG,2025-02-03,4722.47265625,4722.47265625,4722.47265625,4722.47265625,271
BKNG,2025-02-03,4721.56982421875,4723.22265625,4719.40478515625,4722.44482421875,3030
BKNG,2025-02-03,4722.44482421875,4728.56982421875,4722.44482421875,4728.56982421875,944
BKNG,2025-02-03,4722.48486328125,4722.7998046875,4722.48486328125,4722.49267578125,987
BKNG,2025-02-03,4725.2451171875,4725.2451171875,4720.009765625,4720.009765625,2346
BKNG,2025-02-03,4725.2451171875,4725.2451171875,4725.09521484375,4725.09521484375,803
BKNG,2025-02-03,4730.9248046875,4730.9248046875,4730.9248046875,4730.9248046875,862
BKNG,2025-02-03,4731.9248046875,4731.9248046875,4731.9248046875,4731.9248046875,195
BKNG,2025-02-03,4725.0,4725.91015625,4725.0,4725.91015625,1881
BKNG,2025-02-03,4736.990234375,4736.990234375,4736.990234375,4736.990234375,2749
BKNG,2025-02-03,4726.7001953125,4726.7001953125,4726.7001953125,4726.7001953125,297
BKNG,2025-02-03,4726.72509765625,4726.72509765625,4726.72509765625,4726.72509765625,1645
BKNG,2025-02-03,4729.625,4729.625,4729.625,4729.625,1920
BKNG,2025-02-03,4728.865234375,4731.1650390625,4728.865234375,4728.865234375,1176
BKNG,2025-02-03,4728.5,4731.19482421875,4728.5,4731.19482421875,1274
BKNG,2025-02-03,4729.14990234375,4729.14990234375,4729.14990234375,4729.14990234375,471
BKNG,2025-02-03,4731.77001953125,4731.77001953125,4731.77001953125,4731.77001953125,562
BKNG,2025-02-03,4725.0,4725.0,4725.0,4725.0,685
BKNG,2025-02-03,4737.02978515625,4737.02978515625,4737.02978515625,4737.02978515625,2776
BKNG,2025-02-03,4742.68017578125,4742.68017578125,4742.68017578125,4742.68017578125,2615
BKNG,2025-02-03,4742.2099609375,4742.85986328125,4739.43017578125,4742.85986328125,820
BKNG,2025-02-03,4738.35009765625,4738.35009765625,4738.35009765625,4738.35009765625,484
BKNG,2025-02-03,4740.76513671875,4740.76513671875,4740.76513671875,4740.76513671875,863
BKNG,2025-02-03,4730.5,4730.5,4730.5,4730.5,746
BKNG,2025-02-03,4729.990234375,4729.990234375,4729.990234375,4729.990234375,1558
BKNG,2025-02-03,4731.0849609375,4731.0849609375,4731.0849609375,4731.0849609375,441
BKNG,2025-02-03,4732.93017578125,4732.93017578125,4728.60498046875,4731.39013671875,1565
BKNG,2025-02-03,4735.71728515625,4735.71728515625,4735.71728515625,4735.71728515625,408
BKNG,2025-02-03,4729.169921875,4729.169921875,4729.169921875,4729.169921875,1607
BKNG,2025-02-03,4728.18994140625,4728.18994140625,4728.18994140625,4728.18994140625,894
BKNG,2025-02-03,4730.76513671875,4730.76513671875,4730.76513671875,4730.76513671875,623
BKNG,2025-02-03,4736.93994140625,4736.93994140625,4736.93994140625,4736.93994140625,1323
BKNG,2025-02-03,4729.75,4729.75,4729.75,4729.75,840
BKNG,2025-02-03,4731.59521484375,4734.85009765625,4724.8251953125,4725.375,2204
BKNG,2025-02-03,4726.89501953125,4726.89501953125,4726.89501953125,4726.89501953125,1199
BKNG,2025-02-03,4723.3701171875,4723.3701171875,4723.3701171875,4723.3701171875,1721
BKNG,2025-02-03,4719.18994140625,4719.18994140625,4719.18994140625,4719.18994140625,1815
BKNG,2025-02-03,4722.84765625,4722.84765625,4721.27978515625,4721.27978515625,1243
BKNG,2025-02-03,4713.2001953125,4717.0400390625,4713.2001953125,4717.0400390625,1171
BKNG,2025-02-03,4715.4501953125,4715.4501953125,4713.2001953125,4713.2001953125,664
BKNG,2025-02-03,4713.169921875,4713.169921875,4713.169921875,4713.169921875,485
BKNG,2025-02-03,4724.7099609375,4724.7099609375,4724.7099609375,4724.7099609375,1289
BKNG,2025-02-03,4719.43994140625,4719.43994140625,4719.43994140625,4719.43994140625,465
BKNG,2025-02-03,4723.06494140625,4723.06494140625,4723.06494140625,4723.06494140625,1379
BKNG,2025-02-03,4723.7900390625,4723.7900390625,4723.7900390625,4723.7900390625,1356
BKNG,2025-02-03,4729.47998046875,4729.47998046875,4717.375,4717.375,2895
BKNG,2025-02-03,4733.0,4733.0,4733.0,4733.0,189
BKNG,2025-02-03,4718.375,4718.375,4718.375,4718.375,3221
BKNG,2025-02-03,4720.40478515625,4720.40478515625,4720.40478515625,4720.40478515625,940
BKNG,2025-02-03,4715.27001953125,4715.27001953125,4709.77978515625,4709.77978515625,2043
BKNG,2025-02-03,4713.0400390625,4713.0400390625,4713.0400390625,4713.0400390625,1706
BKNG,2025-02-03,4718.68505859375,4718.68505859375,4718.68505859375,4718.68505859375,901
BKNG,2025-02-03,4725.39990234375,4725.39990234375,4714.39990234375,4714.39990234375,773
BKNG,2025-02-03,4714.19482421875,4714.19482421875,4714.19482421875,4714.19482421875,582
BKNG,2025-02-03,4713.93017578125,4713.93017578125,4713.93017578125,4713.93017578125,606
BKNG,2025-02-03,4703.39990234375,4703.39990234375,4703.39990234375,4703.39990234375,712
BKNG,2025-02-03,4716.384765625,4716.384765625,4715.47998046875,4715.47998046875,1487
BKNG,2025-02-03,4723.9501953125,4723.9501953125,4723.9501953125,4723.9501953125,797
BKNG,2025-02-03,4716.26513671875,4718.27978515625,4713.044921875,4713.044921875,1592
BKNG,2025-02-03,4713.72021484375,4725.0048828125,4713.72021484375,4725.0048828125,3058
BKNG,2025-02-03,4670.31005859375,4670.31005859375,4670.31005859375,4670.31005859375,3457
BKNG,2025-02-03,4670.31005859375,4670.31005859375,4670.31005859375,4670.31005859375,302
BKNG,2025-02-03,4671.419921875,4671.419921875,4670.31005859375,4670.31005859375,1109
BKNG,2025-02-03,4675.240234375,4675.240234375,4675.240234375,4675.240234375,865
BKNG,2025-02-03,4675.2451171875,4675.2451171875,4675.2451171875,4675.2451171875,222
BKNG,2025-02-03,4677.3701171875,4685.7451171875,4677.3701171875,4685.7451171875,972
BKNG,2025-02-03,4678.0400390625,4687.55517578125,4678.0400390625,4687.55517578125,438
BKNG,2025-02-03,4673.22998046875,4673.22998046875,4673.22998046875,4673.22998046875,291
BKNG,2025-02-03,4669.759765625,4669.759765625,4669.759765625,4669.759765625,716
BKNG,2025-02-03,4665.28955078125,4665.28955078125,4665.28955078125,4665.28955078125,1309
BKNG,2025-02-03,4659.72021484375,4659.72021484375,4659.72021484375,4659.72021484375,1897
BKNG,2025-02-03,4665.455078125,4665.455078125,4665.455078125,4665.455078125,891
BKNG,2025-02-03,4655.52001953125,4673.31005859375,4654.66015625,4654.66015625,1635
BKNG,2025-02-03,4669.77978515625,4669.77978515625,4669.77978515625,4669.77978515625,988
BKNG,2025-02-03,4661.28515625,4675.75,4661.28515625,4675.7451171875,761
BKNG,2025-02-03,4675.72998046875,4675.72998046875,4675.72998046875,4675.72998046875,1789
BKNG,2025-02-03,4656.259765625,4656.259765625,4656.259765625,4656.259765625,306
BKNG,2025-02-03,4671.89990234375,4671.89990234375,4660.31005859375,4660.31005859375,1470
BKNG,2025-02-03,4655.47998046875,4655.47998046875,4655.47998046875,4655.47998046875,402
BKNG,2025-02-03,4675.60009765625,4675.60009765625,4661.8701171875,4661.8701171875,775
BKNG,2025-02-03,4675.58984375,4675.58984375,4661.43994140625,4661.43994140625,497
BKNG,2025-02-03,4676.0048828125,4676.0048828125,4676.0048828125,4676.0048828125,1020
BKNG,2025-02-03,4653.669921875,4657.93017578125,4653.669921875,4657.93017578125,2338
BKNG,2025-02-03,4642.39013671875,4642.39013671875,4626.60986328125,4626.60986328125,1074
BKNG,2025-02-03,4646.115234375,4646.115234375,4646.115234375,4646.115234375,212
BKNG,2025-02-03,4621.0498046875,4638.509765625,4621.0498046875,4638.509765625,1008
BKNG,2025-02-03,4633.1201171875,4636.39990234375,4633.1201171875,4636.39990234375,496
BKNG,2025-02-03,4643.97998046875,4643.97998046875,4633.02001953125,4633.02001953125,743
BKNG,2025-02-03,4638.35986328125,4638.35986328125,4611.89013671875,4633.02001953125,633
BKNG,2025-02-03,4622.75,4638.35986328125,4605.43017578125,4626.97021484375,2776
BKNG,2025-02-03,4636.83984375,4638.0,4629.009765625,4629.009765625,1511
BKNG,2025-02-03,4668.0,4668.0,4655.0,4655.0,3425
BKNG,2025-02-03,4670.18994140625,4670.18994140625,4655.18994140625,4659.35009765625,7704
