Close/Last,10to50SMA,10to50EMA,MACDSIG,MACDSIGchanged,normMACDSIGindicator,RSIindicator,RSIdifIndicator,ATRindicator,BBWClsPctDifIndicator,normOBVSMAindicator,buyingPressureIndicator,isPeakIndicator
3.009999990463257,-1,-1,-1,,0,0,0,1,0,-1,-1,0
2.890000104904175,-1,-1,-1,0.0,0,0,0,1,0,-1,-1,0
2.7660000324249268,-1,-1,-1,0.0,0,0,0,1,0,-1,-1,0
2.7769999504089355,-1,-1,-1,0.0,0,0,0,1,0,-1,-1,0
2.997999906539917,-1,-1,-1,0.0,0,0,0,1,0,-1,-1,0
3.33899998664856,-1,1,1,2.0,0,0,0,1,0,1,1,0
2.8989999294281006,-1,-1,1,0.0,0,0,0,1,0,-1,-1,0
2.9210000038146973,-1,-1,1,0.0,0,0,0,1,0,1,-1,0
2.638000011444092,-1,-1,-1,-2.0,0,0,0,1,0,-1,-1,0
2.382999897003174,-1,-1,-1,0.0,0,0,0,1,0,-1,-1,0
2.4779999256134038,-1,-1,-1,0.0,0,0,0,1,0,-1,-1,0
2.6080000400543213,-1,-1,-1,0.0,0,0,0,1,0,-1,-1,0
2.625999927520752,-1,-1,-1,0.0,0,0,0,1,0,1,-1,0
2.5280001163482666,-1,-1,-1,0.0,0,0,0,1,0,-1,-1,0
2.552000045776367,-1,-1,-1,0.0,0,-1,0,0,0,1,-1,0
2.690000057220459,-1,-1,-1,0.0,0,0,1,0,0,1,-1,0
2.5969998836517334,-1,-1,-1,0.0,0,0,0,0,0,1,-1,0
2.635999917984009,-1,-1,-1,0.0,0,0,0,0,0,1,-1,0
2.627000093460083,-1,-1,-1,0.0,0,0,0,0,0,1,-1,0
2.588000059127808,-1,-1,-1,0.0,0,-1,0,0,0,1,-1,0
2.5460000038146973,-1,-1,-1,0.0,0,-1,1,0,0,-1,-1,0
2.6489999294281006,-1,-1,1,2.0,0,0,1,0,0,1,-1,0
2.747999906539917,-1,-1,1,0.0,0,1,1,0,0,1,-1,0
2.851999998092652,-1,-1,1,0.0,0,2,1,0,0,1,-1,0
2.880000114440918,-1,-1,1,0.0,0,2,0,0,0,1,-1,0
2.818000078201294,-1,-1,1,0.0,0,2,0,0,2,1,-1,0
2.552000045776367,-1,-1,1,0.0,0,0,0,0,0,1,-1,0
2.561000108718872,-1,-1,1,0.0,0,1,1,0,0,1,-1,0
2.5179998874664307,-1,-1,1,0.0,0,0,0,0,0,1,-1,0
2.5239999294281006,-1,-1,-1,-2.0,0,0,0,0,0,1,-1,0
2.443000078201294,-1,-1,-1,0.0,0,0,0,0,1,-1,-1,0
2.289999961853028,-1,-1,-1,0.0,0,-1,0,0,1,-1,-1,0
2.38700008392334,-1,-1,-1,0.0,0,-1,1,0,1,-1,-1,0
2.289999961853028,-1,-1,-1,0.0,0,-1,0,0,1,-1,-1,0
2.2799999713897705,-1,-1,-1,0.0,0,-1,0,0,1,-1,-1,0
2.2950000762939453,-1,-1,-1,0.0,0,-1,0,0,1,-1,-1,0
2.3429999351501465,-1,-1,-1,0.0,0,-1,0,0,1,1,-1,0
2.5450000762939453,-1,-1,-1,0.0,0,-1,1,0,0,1,1,0
2.57699990272522,-1,-1,1,2.0,0,-1,0,0,0,1,1,0
2.525000095367432,-1,-1,1,0.0,0,-1,0,0,0,1,1,0
2.5360000133514404,-1,-1,1,0.0,0,0,1,0,0,1,1,0
2.5929999351501465,-1,-1,1,0.0,0,1,0,0,0,1,1,0
2.9100000858306885,-1,-1,1,0.0,0,2,1,0,2,1,1,0
2.933000087738037,-1,-1,1,0.0,0,2,0,0,2,1,1,0
2.872999906539917,-1,1,1,0.0,0,2,0,0,2,1,1,0
3.0190000534057617,-1,1,1,0.0,0,2,1,0,2,1,1,0
2.907999992370605,-1,1,1,0.0,0,2,0,0,2,1,1,0
2.6700000762939453,-1,1,1,0.0,0,2,0,0,0,1,1,0
2.711999893188477,-1,1,1,0.0,0,2,0,0,0,1,1,0
2.657999992370605,1,1,1,0.0,0,2,0,0,0,1,1,0
2.6080000400543213,1,1,1,0.0,0,1,0,0,0,1,1,0
2.619999885559082,1,1,-1,-2.0,0,1,0,0,0,1,1,0
2.6619999408721924,1,-1,-1,0.0,0,1,0,0,0,1,1,0
2.809999942779541,1,1,1,2.0,0,2,1,0,0,1,1,0
2.757999897003174,1,1,1,0.0,0,1,0,0,0,1,1,0
2.740999937057495,1,1,1,0.0,0,1,0,0,0,1,1,0
2.746999979019165,1,1,1,0.0,0,0,0,0,0,1,1,0
2.936000108718872,1,1,1,0.0,0,1,1,0,2,1,1,0
2.928999900817871,1,1,1,0.0,0,1,0,0,2,1,1,0
2.799999952316284,1,1,1,0.0,0,0,0,0,0,1,1,0
2.95199990272522,1,1,1,0.0,0,1,1,0,2,1,1,0
2.9230000972747803,1,1,1,0.0,0,2,1,0,0,-1,1,0
2.921999931335449,1,1,1,0.0,0,2,0,0,0,-1,1,0
3.109999895095825,1,1,1,0.0,0,2,1,0,2,-1,1,0
3.0360000133514404,1,1,1,0.0,0,2,0,0,2,-1,1,0
3.032000064849853,1,1,1,0.0,0,2,0,0,2,-1,1,0
3.015000104904175,1,1,1,0.0,0,2,0,0,2,-1,1,0
2.99399995803833,1,1,1,0.0,0,2,0,0,0,-1,1,0
2.8489999771118164,1,1,-1,-2.0,0,1,0,0,0,-1,1,0
2.838000059127808,1,1,-1,0.0,0,1,0,0,0,-1,1,0
2.7669999599456787,1,1,-1,0.0,0,1,0,0,0,-1,1,0
2.693000078201294,1,1,-1,0.0,0,-1,0,0,1,-1,-1,0
2.7100000381469727,1,1,-1,0.0,0,-1,0,0,1,-1,1,0
2.744999885559082,1,1,-1,0.0,0,0,1,0,1,-1,1,0
2.7699999809265137,1,1,-1,0.0,0,-1,0,0,0,-1,1,0
2.844000101089477,1,1,-1,0.0,0,0,1,0,0,-1,1,0
2.885999917984009,1,1,-1,0.0,0,0,0,0,0,1,1,0
2.9749999046325684,1,1,-1,0.0,0,0,0,0,0,1,1,0
2.937000036239624,1,1,1,2.0,0,0,0,0,0,1,1,0
2.934999942779541,1,1,1,0.0,0,0,0,0,0,-1,1,0
2.8989999294281006,1,1,1,0.0,0,0,0,0,0,-1,1,0
2.901000022888184,1,1,1,0.0,0,0,0,0,0,1,1,0
2.900000095367432,1,1,1,0.0,0,1,1,0,0,-1,1,0
2.9260001182556152,1,1,1,0.0,0,1,1,0,0,1,1,0
2.9790000915527344,1,1,1,0.0,0,2,1,0,0,1,1,0
2.9649999141693115,1,1,1,0.0,0,2,1,0,0,-1,1,0
3.0409998893737797,1,1,1,0.0,0,2,0,0,2,1,1,0
3.078000068664551,1,1,1,0.0,0,2,0,0,2,1,1,0
3.0829999446868896,1,1,1,0.0,0,2,0,0,2,1,1,0
2.9749999046325684,1,1,1,0.0,0,2,0,0,0,1,1,0
2.9660000801086426,1,1,1,0.0,0,1,0,0,0,-1,1,0
2.9590001106262207,1,1,-1,-2.0,0,0,0,0,0,-1,1,0
2.9019999504089355,1,1,-1,0.0,0,0,0,0,0,-1,1,0
2.8919999599456787,1,1,-1,0.0,0,0,0,0,0,-1,1,0
2.880000114440918,1,1,-1,0.0,0,0,0,0,1,-1,1,0
2.8550000190734863,1,1,-1,0.0,0,0,0,0,1,-1,1,0
2.8340001106262207,1,1,-1,0.0,0,0,0,0,1,-1,1,0
2.9040000438690186,1,1,-1,0.0,0,0,1,0,0,-1,1,0
2.9049999713897705,1,1,-1,0.0,0,0,0,0,0,-1,1,0
3.00600004196167,1,1,-1,0.0,0,1,1,0,0,-1,1,0
3.0350000858306885,1,1,1,2.0,0,0,0,0,2,1,1,0
3.1670000553131104,1,1,1,0.0,0,1,1,0,2,1,1,0
3.3359999656677246,1,1,1,0.0,0,2,1,0,2,1,1,0
3.240999937057495,1,1,1,0.0,0,2,0,0,2,-1,1,0
3.5,1,1,1,0.0,0,2,1,0,2,1,1,0
3.430000066757202,1,1,1,0.0,0,2,0,0,2,1,1,0
3.638999938964844,1,1,1,0.0,0,2,1,0,2,1,1,0
3.732000112533569,1,1,1,0.0,0,2,0,0,2,1,1,0
3.683000087738037,1,1,1,0.0,0,2,0,0,2,1,1,0
4.2210001945495605,1,1,1,0.0,0,2,1,0,2,1,1,0
4.304999828338623,1,1,1,0.0,0,2,0,0,2,1,1,0
4.24399995803833,1,1,1,0.0,0,2,0,0,2,1,1,0
4.460000038146973,1,1,1,0.0,0,2,0,0,2,1,1,0
4.234000205993652,1,1,1,0.0,0,2,0,0,2,1,1,0
4.4079999923706055,1,1,1,0.0,0,2,0,0,2,1,1,0
4.330999851226807,1,1,1,0.0,0,2,0,0,2,1,1,0
4.438000202178955,1,1,1,0.0,0,2,0,0,2,1,1,0
4.578999996185303,1,1,1,0.0,0,2,1,0,2,1,1,0
4.335000038146973,1,1,1,0.0,0,2,0,0,0,1,1,0
4.122000217437744,1,1,1,0.0,0,2,0,0,0,1,1,0
4.15500020980835,1,1,-1,-2.0,0,2,0,0,0,1,1,0
4.01800012588501,1,1,-1,0.0,0,1,0,0,0,1,1,0
3.950999975204468,1,1,-1,0.0,0,1,0,0,0,1,1,0
3.809999942779541,1,1,-1,0.0,0,-1,0,0,0,1,1,0
3.755000114440918,1,1,-1,0.0,0,-1,0,0,1,-1,1,0
3.864000082015991,1,1,-1,0.0,0,0,1,0,0,-1,1,0
3.70199990272522,1,1,-1,0.0,0,-1,0,0,1,-1,1,0
3.601999998092652,1,1,-1,0.0,0,-1,0,0,1,-1,1,0
3.721999883651733,1,1,-1,0.0,0,-1,0,0,1,-1,1,0
3.6489999294281006,1,1,-1,0.0,0,-1,0,0,1,-1,1,0
3.79800009727478,1,1,-1,0.0,0,-1,0,0,0,1,1,0
3.67300009727478,1,1,-1,0.0,0,-1,0,0,1,-1,1,0
3.724999904632568,1,1,-1,0.0,0,-1,1,0,0,1,1,0
3.70199990272522,1,1,-1,0.0,0,-1,1,0,0,-1,1,0
3.632999897003174,1,1,-1,0.0,0,-1,0,0,0,-1,1,0
3.704999923706055,1,1,-1,0.0,0,-1,1,0,0,-1,1,0
3.7709999084472656,1,1,-1,0.0,0,0,1,0,0,1,1,0
3.6989998817443848,1,1,-1,0.0,0,0,0,0,0,-1,1,0
3.690000057220459,1,1,-1,0.0,0,0,0,0,0,-1,1,0
3.755000114440918,1,1,-1,0.0,0,0,0,0,0,1,1,0
3.720999956130981,1,1,-1,0.0,0,1,1,0,0,-1,1,0
3.684999942779541,1,1,-1,0.0,0,1,1,0,0,-1,1,0
3.6440000534057617,-1,1,-1,0.0,0,0,0,0,1,-1,1,0
3.5190000534057617,-1,1,-1,0.0,0,0,0,0,1,-1,1,0
3.5859999656677246,-1,1,-1,0.0,0,-1,0,0,1,-1,1,0
3.622999906539917,-1,1,-1,0.0,0,0,1,0,0,-1,1,0
3.5980000495910645,-1,1,-1,0.0,0,0,0,0,1,-1,1,0
3.6470000743865967,-1,1,-1,0.0,0,0,1,0,0,-1,1,0
3.619999885559082,-1,1,-1,0.0,0,0,0,0,0,-1,1,0
3.632999897003174,-1,1,-1,0.0,0,0,0,0,0,-1,1,0
3.7690000534057617,-1,1,1,2.0,0,0,1,0,2,1,1,0
3.734999895095825,-1,1,1,0.0,0,1,0,0,0,-1,1,0
3.759000062942505,-1,1,1,0.0,0,1,0,0,2,-1,1,0
3.828000068664551,-1,1,1,0.0,0,1,0,0,2,1,1,0
3.805999994277954,-1,1,1,0.0,0,1,0,0,2,1,1,0
3.984999895095825,-1,1,1,0.0,0,2,1,0,2,1,1,0
4.006999969482422,-1,1,1,0.0,0,2,1,0,2,1,1,0
4.039000034332275,-1,1,1,0.0,0,2,1,0,2,1,1,0
4.085999965667725,-1,1,1,0.0,0,2,0,0,2,1,1,0
4.005000114440918,1,1,1,0.0,0,2,0,0,2,1,1,0
3.989000082015991,1,1,1,0.0,0,2,0,0,2,1,1,0
5.190000057220459,1,1,1,0.0,0,2,1,0,2,1,1,0
5.35699987411499,1,1,1,0.0,0,2,0,0,2,1,1,0
5.21999979019165,1,1,1,0.0,0,2,0,0,2,1,1,0
4.775000095367432,1,1,1,0.0,0,2,0,0,2,1,1,0
5.138000011444092,1,1,1,0.0,0,2,1,0,2,1,1,0
5.006999969482422,1,1,1,0.0,0,2,0,0,2,1,1,0
5.250999927520752,1,1,1,0.0,0,2,0,0,2,1,1,0
5.3480000495910645,1,1,1,0.0,0,2,0,0,2,1,1,0
5.150000095367432,1,1,1,0.0,0,2,0,0,2,1,1,0
5.198999881744385,1,1,1,0.0,0,2,0,0,2,1,1,0
5.223999977111816,1,1,1,0.0,0,2,0,0,0,1,1,0
5.348999977111816,1,1,1,0.0,0,2,0,0,2,1,1,0
5.5,1,1,1,0.0,0,2,1,0,2,1,1,0
5.495999813079834,1,1,1,0.0,0,2,0,0,2,1,1,0
5.696000099182129,1,1,1,0.0,0,2,0,0,2,1,1,0
5.568999767303467,1,1,1,0.0,0,1,0,0,0,1,1,0
5.584000110626221,1,1,1,0.0,0,1,1,0,0,1,1,0
5.438000202178955,1,1,-1,-2.0,0,2,1,0,0,1,1,0
5.544000148773193,1,1,-1,0.0,0,2,0,0,0,1,1,0
5.136000156402588,1,1,-1,0.0,0,1,0,0,0,1,1,0
5.005000114440918,1,1,-1,0.0,0,0,0,0,1,1,1,0
5.014999866485596,1,1,-1,0.0,0,0,0,0,1,1,1,0
4.923999786376953,1,1,-1,0.0,0,0,0,0,1,1,1,0
4.864999771118164,1,1,-1,0.0,0,-1,0,0,1,-1,1,0
4.993000030517578,1,1,-1,0.0,0,0,1,0,1,1,1,0
5.206999778747559,1,1,-1,0.0,0,0,0,0,0,1,1,0
5.089000225067139,1,1,-1,0.0,0,-1,0,0,0,1,1,0
5.235000133514404,1,1,-1,0.0,0,0,1,0,0,1,1,0
5.184999942779541,1,1,-1,0.0,0,-1,0,0,0,1,1,0
5.421000003814697,1,1,-1,0.0,0,0,1,0,0,1,1,0
5.308000087738037,1,1,-1,0.0,0,0,0,0,0,1,1,0
5.051000118255615,1,1,-1,0.0,0,0,0,0,0,1,1,0
5.254000186920166,1,1,-1,0.0,0,0,0,0,0,1,1,0
5.084000110626221,1,1,-1,0.0,0,0,1,0,0,1,1,0
5.011000156402588,1,1,-1,0.0,0,1,0,0,0,1,1,0
4.9720001220703125,1,1,-1,0.0,0,0,0,0,0,1,1,0
4.98799991607666,1,1,-1,0.0,0,1,0,0,0,1,1,0
4.863999843597412,1,1,-1,0.0,0,0,0,0,1,-1,1,0
4.989999771118164,1,1,-1,0.0,0,0,0,0,0,1,1,0
5.014999866485596,1,1,-1,0.0,0,0,0,0,0,1,1,0
5.117000102996826,1,1,-1,0.0,0,1,1,0,0,1,1,0
5.151000022888184,1,1,-1,0.0,0,0,0,0,0,1,1,0
5.079999923706055,1,1,-1,0.0,0,0,0,0,0,1,1,0
5.10099983215332,-1,1,-1,0.0,0,-1,0,0,0,1,1,0
5.039000034332275,-1,1,-1,0.0,0,-1,0,0,0,1,1,0
4.988999843597412,-1,1,-1,0.0,0,0,1,0,0,1,1,0
5.468999862670898,-1,1,1,2.0,0,1,1,0,2,1,1,0
5.452000141143799,-1,1,1,0.0,0,2,1,0,2,1,1,0
5.232999801635742,-1,1,1,0.0,0,1,0,0,0,1,1,0
5.410999774932861,1,1,1,0.0,0,2,1,0,2,1,1,0
5.567999839782715,1,1,1,0.0,0,2,1,0,2,1,1,0
5.497000217437744,1,1,1,0.0,0,2,0,0,2,1,1,0
5.309999942779541,1,1,1,0.0,0,1,0,0,0,-1,1,0
5.341000080108643,1,1,1,0.0,0,1,0,0,0,1,1,0
5.330999851226807,1,1,1,0.0,0,1,0,0,0,1,1,0
5.3420000076293945,1,1,1,0.0,0,1,0,0,0,1,1,0
5.301000118255615,1,1,-1,-2.0,0,1,0,0,0,1,1,0
5.447999954223633,1,1,1,2.0,0,2,1,0,2,1,1,0
5.339000225067139,1,1,-1,-2.0,0,1,0,0,0,1,1,0
5.551000118255615,1,1,1,2.0,0,2,1,0,2,1,1,0
5.452000141143799,1,1,1,0.0,0,0,0,0,0,1,1,0
5.39900016784668,1,1,1,0.0,0,0,0,0,0,-1,1,0
5.00600004196167,1,1,-1,-2.0,0,0,0,0,1,-1,1,0
5.445000171661377,1,1,-1,0.0,0,1,1,0,0,1,1,0
5.363999843597412,1,1,-1,0.0,0,0,0,0,0,-1,1,0
5.102000236511231,1,1,-1,0.0,0,0,0,0,1,-1,1,0
5.057000160217285,1,1,-1,0.0,0,0,0,0,1,-1,1,0
4.836999893188477,1,1,-1,0.0,0,-1,0,0,1,-1,1,0
4.951000213623047,1,1,-1,0.0,0,0,1,0,1,-1,1,0
5.001999855041504,-1,-1,-1,0.0,0,0,0,0,1,-1,1,0
5.027999877929688,-1,-1,-1,0.0,0,0,0,0,1,-1,1,0
4.999000072479248,-1,-1,-1,0.0,0,-1,0,0,1,-1,1,0
5.099999904632568,-1,-1,-1,0.0,0,0,1,0,0,-1,1,0
5.104000091552734,-1,-1,-1,0.0,0,-1,0,0,0,1,1,0
5.139999866485596,-1,-1,-1,0.0,0,0,1,0,0,1,1,0
5.175000190734863,-1,-1,-1,0.0,0,0,0,0,0,1,1,0
5.300000190734863,-1,1,1,2.0,0,1,1,0,0,1,1,0
5.296999931335449,-1,1,1,0.0,0,0,0,0,0,1,1,0
5.36899995803833,-1,1,1,0.0,0,1,1,0,0,1,1,0
5.35099983215332,-1,1,1,0.0,0,2,1,0,0,1,1,0
5.485000133514404,1,1,1,0.0,0,2,1,0,2,1,1,0
5.708000183105469,1,1,1,0.0,0,2,1,0,2,1,1,0
5.623000144958496,1,1,1,0.0,0,2,0,0,2,1,1,0
6.057000160217285,1,1,1,0.0,0,2,1,0,2,1,1,0
6.168000221252441,1,1,1,0.0,0,2,0,0,2,1,1,0
6.01200008392334,1,1,1,0.0,0,2,0,0,2,1,1,0
5.96999979019165,1,1,1,0.0,0,2,0,0,2,1,1,0
5.98799991607666,1,1,1,0.0,0,2,0,0,2,1,1,0
6.008999824523926,1,1,1,0.0,0,2,0,0,2,1,1,0
6.171999931335449,1,1,1,0.0,0,2,0,0,2,1,1,0
5.980999946594238,1,1,1,0.0,0,2,0,0,0,1,1,0
5.953999996185303,1,1,1,0.0,0,2,0,0,0,1,1,0
5.980000019073486,1,1,1,0.0,0,2,0,0,0,1,1,0
5.636000156402588,1,1,-1,-2.0,0,1,0,0,0,1,1,0
5.60099983215332,1,1,-1,0.0,0,1,0,0,0,-1,1,0
5.77899980545044,1,1,-1,0.0,0,1,0,0,0,1,1,0
5.831999778747559,1,1,-1,0.0,0,1,1,0,0,1,1,0
6.151000022888184,1,1,-1,0.0,0,1,0,0,2,1,1,0
5.955999851226807,1,1,-1,0.0,0,0,0,0,0,1,1,0
6.052999973297119,1,1,-1,0.0,0,1,1,0,0,1,1,0
6.013999938964844,1,1,-1,0.0,0,1,0,0,0,1,1,0
6.0960001945495605,1,1,-1,0.0,0,1,0,0,0,1,1,0
6.427999973297119,1,1,1,2.0,0,2,1,0,2,1,1,0
6.418000221252441,1,1,1,0.0,0,1,0,0,2,1,1,0
6.412000179290772,1,1,1,0.0,0,2,1,0,2,1,1,0
6.486000061035156,1,1,1,0.0,0,2,0,0,2,1,1,0
6.531000137329102,1,1,1,0.0,0,2,0,0,2,1,1,0
6.651000022888184,1,1,1,0.0,0,2,1,0,2,1,1,0
6.453000068664551,1,1,1,0.0,0,2,0,0,2,1,1,0
6.388999938964844,1,1,1,0.0,0,2,0,0,0,1,1,0
6.4070000648498535,1,1,1,0.0,0,2,0,0,0,1,1,0
6.323999881744385,1,1,-1,-2.0,0,1,0,0,0,1,1,0
6.361999988555908,1,1,-1,0.0,0,2,1,0,0,1,1,0
6.3460001945495605,1,1,-1,0.0,0,2,0,0,0,1,1,0
6.330999851226807,1,1,-1,0.0,0,2,0,0,0,1,1,0
6.256999969482422,1,1,-1,0.0,0,1,0,0,0,-1,1,0
6.26800012588501,1,1,-1,0.0,0,-1,0,0,0,1,1,0
6.396999835968018,1,1,-1,0.0,0,0,1,0,0,1,1,0
6.420000076293945,1,1,-1,0.0,0,1,0,0,0,1,1,0
6.5920000076293945,1,1,-1,0.0,0,1,1,0,2,1,1,0
6.506999969482422,1,1,-1,0.0,0,0,0,0,0,1,1,0
6.406000137329102,1,1,-1,0.0,0,-1,0,0,0,-1,1,0
6.461999893188477,1,1,-1,0.0,0,1,1,0,0,1,1,0
6.538000106811523,1,1,-1,0.0,0,1,1,0,2,1,1,0
6.466000080108643,1,1,-1,0.0,0,1,0,0,0,1,1,0
6.164999961853027,1,1,-1,0.0,0,0,0,0,1,-1,1,0
5.927999973297119,1,1,-1,0.0,0,-1,0,0,1,-1,1,0
5.099500179290772,1,1,-1,0.0,0,-1,0,0,1,-1,1,0
4.840499877929688,-1,-1,-1,0.0,0,-1,0,0,1,-1,1,0
4.704999923706055,-1,-1,-1,0.0,0,-1,0,0,1,-1,1,0
4.823999881744385,-1,-1,-1,0.0,0,-1,1,0,1,-1,1,0
4.889999866485596,-1,-1,-1,0.0,0,-1,0,0,1,-1,1,0
5.000999927520752,-1,-1,-1,0.0,0,-1,0,0,1,-1,1,0
5.039999961853027,-1,-1,-1,0.0,0,-1,0,0,1,-1,1,0
5.191999912261963,-1,-1,-1,0.0,0,-1,1,0,0,-1,1,0
5.111999988555908,-1,-1,-1,0.0,0,-1,0,0,0,-1,1,0
5.11899995803833,-1,-1,-1,0.0,0,-1,0,0,0,-1,1,0
4.988999843597412,-1,-1,-1,0.0,0,-1,0,0,0,-1,1,0
5.013999938964844,-1,-1,-1,0.0,0,-1,0,0,0,-1,1,0
4.841000080108643,-1,-1,-1,0.0,0,-1,0,0,0,-1,1,0
4.914000034332275,-1,-1,-1,0.0,0,-1,1,0,0,-1,1,0
4.800000190734863,-1,-1,-1,0.0,0,-1,1,0,0,-1,1,0
4.525000095367432,-1,-1,-1,0.0,0,-1,0,0,1,-1,1,0
4.506999969482422,-1,-1,-1,0.0,0,0,1,0,1,-1,1,0
4.418000221252441,-1,-1,-1,0.0,0,-1,0,0,1,-1,1,0
4.533999919891357,-1,-1,-1,0.0,0,-1,0,0,1,-1,1,0
4.525000095367432,-1,-1,-1,0.0,0,-1,0,0,1,-1,1,0
4.829999923706055,-1,-1,1,2.0,0,0,1,0,0,-1,1,0
4.685999870300293,-1,-1,1,0.0,0,-1,0,0,0,-1,1,0
4.900000095367432,-1,-1,1,0.0,0,0,1,0,0,-1,1,0
4.896999835968018,-1,-1,1,0.0,0,0,0,0,0,-1,1,0
4.925000190734863,-1,-1,1,0.0,0,0,1,0,0,-1,1,0
4.980000019073486,-1,-1,1,0.0,0,0,0,0,0,-1,1,0
4.894000053405762,-1,-1,1,0.0,0,1,0,0,0,-1,1,0
4.959000110626221,-1,-1,1,0.0,0,1,0,0,0,-1,1,0
4.616000175476074,-1,-1,1,0.0,0,0,0,0,0,-1,1,0
4.622000217437744,-1,-1,1,0.0,0,1,1,0,0,-1,1,0
4.6479997634887695,-1,-1,1,0.0,0,1,0,0,0,-1,1,0
4.701000213623047,-1,-1,1,0.0,0,1,1,0,0,-1,1,0
4.642000198364258,-1,-1,1,0.0,0,1,0,0,0,-1,1,0
4.572999954223633,-1,-1,1,0.0,0,1,0,0,0,-1,1,0
4.640999794006348,-1,-1,1,0.0,0,0,0,0,0,-1,1,0
4.790999889373779,-1,-1,1,0.0,0,1,1,0,0,-1,1,0
4.764999866485596,-1,-1,1,0.0,0,0,0,0,0,-1,1,0
4.835000038146973,-1,-1,1,0.0,0,0,1,0,0,-1,1,0
4.787000179290772,-1,-1,1,0.0,0,0,0,0,0,-1,1,0
4.742000102996826,-1,-1,1,0.0,0,-1,0,0,0,-1,1,0
4.789999961853027,-1,-1,1,0.0,0,0,1,0,0,-1,1,0
4.895999908447266,-1,-1,1,0.0,0,0,0,0,0,1,1,0
4.913000106811523,-1,-1,1,0.0,0,2,1,0,2,1,1,0
4.833000183105469,-1,-1,1,0.0,0,2,0,0,0,1,1,0
4.947999954223633,-1,-1,1,0.0,0,2,1,0,2,1,1,0
4.835999965667725,-1,-1,1,0.0,0,1,0,0,0,-1,1,0
4.736000061035156,-1,-1,1,0.0,0,1,0,0,0,-1,1,0
4.864999771118164,-1,-1,1,0.0,0,2,1,0,0,-1,1,0
4.940000057220459,1,-1,1,0.0,0,2,0,0,2,-1,1,0
4.880000114440918,1,-1,1,0.0,0,1,0,0,0,-1,1,0
4.947999954223633,1,-1,1,0.0,0,1,1,0,2,-1,1,0
5.124000072479248,1,-1,1,0.0,0,2,1,0,2,1,1,0
5.054999828338623,1,-1,1,0.0,0,2,0,0,2,-1,1,0
4.86899995803833,1,-1,1,0.0,0,1,0,0,0,-1,1,0
4.8480000495910645,1,-1,1,0.0,0,1,0,0,0,-1,1,0
4.583000183105469,1,-1,-1,-2.0,0,-1,0,0,1,-1,1,0
4.676000118255615,1,-1,-1,0.0,0,0,0,0,1,-1,1,0
4.510000228881836,1,-1,-1,0.0,0,0,0,0,1,-1,1,0
4.546999931335449,1,-1,-1,0.0,0,-1,0,0,1,-1,1,0
4.420000076293945,-1,-1,-1,0.0,0,-1,0,0,1,-1,1,0
4.334000110626221,-1,-1,-1,0.0,0,-1,0,0,1,-1,1,0
4.28000020980835,-1,-1,-1,0.0,0,-1,0,0,1,-1,1,0
4.388000011444092,-1,-1,-1,0.0,0,-1,0,0,1,-1,1,0
4.521999835968018,-1,-1,-1,0.0,0,-1,1,0,0,-1,1,0
4.7210001945495605,-1,-1,-1,0.0,0,0,1,0,0,-1,1,0
4.830999851226807,-1,-1,1,2.0,0,0,0,0,0,1,1,0
4.841000080108643,-1,-1,1,0.0,0,0,0,0,0,1,1,0
5.019999980926514,-1,-1,1,0.0,0,1,1,0,2,1,1,0
4.980999946594238,-1,-1,1,0.0,0,1,0,0,2,1,1,0
4.840000152587891,-1,-1,1,0.0,0,1,1,0,0,-1,1,0
5.99399995803833,1,1,1,0.0,0,2,1,0,2,1,1,0
5.736999988555908,1,1,1,0.0,0,2,0,0,2,1,1,0
5.556000232696533,1,1,1,0.0,0,2,0,0,2,1,1,0
5.625999927520752,1,1,1,0.0,0,2,1,0,2,1,1,0
5.432000160217285,1,1,1,0.0,0,2,0,0,2,1,1,0
5.690999984741211,1,1,1,0.0,0,2,1,0,2,1,1,0
5.823999881744385,1,1,1,0.0,0,2,0,0,2,1,1,0
5.798999786376953,1,1,1,0.0,0,2,0,0,2,1,1,0
5.86899995803833,1,1,1,0.0,0,2,0,0,2,1,1,0
5.791999816894531,1,1,1,0.0,0,2,0,0,2,1,1,0
5.886000156402588,1,1,1,0.0,0,2,0,0,2,1,1,0
5.953000068664551,1,1,1,0.0,0,2,0,0,2,1,1,0
5.795000076293945,1,1,1,0.0,0,2,0,0,0,1,1,0
5.85699987411499,1,1,1,0.0,0,2,1,0,0,1,1,0
5.839000225067139,1,1,1,0.0,0,0,0,0,0,1,1,0
5.790999889373779,1,1,-1,-2.0,0,1,1,0,0,1,1,0
5.559999942779541,1,1,-1,0.0,0,1,0,0,0,-1,1,0
5.699999809265137,1,1,-1,0.0,0,1,0,0,0,1,1,0
5.651000022888184,1,1,-1,0.0,0,1,1,0,0,-1,1,0
5.452000141143799,1,1,-1,0.0,0,0,0,0,1,-1,1,0
5.334000110626221,1,1,-1,0.0,0,-1,0,0,1,-1,1,0
5.521999835968018,1,1,-1,0.0,0,0,1,0,1,-1,1,0
5.223999977111816,1,1,-1,0.0,0,-1,0,0,1,-1,1,0
5.0960001945495605,1,1,-1,0.0,0,-1,0,0,1,-1,1,0
4.961999893188477,1,1,-1,0.0,0,-1,0,0,1,-1,1,0
4.801000118255615,1,-1,-1,0.0,0,-1,0,0,1,-1,1,0
4.745999813079834,1,-1,-1,0.0,0,-1,0,0,1,-1,1,0
4.789999961853027,-1,-1,-1,0.0,0,-1,0,0,1,-1,1,0
4.89900016784668,-1,-1,-1,0.0,0,-1,1,0,1,-1,1,0
4.76800012588501,-1,-1,-1,0.0,0,-1,0,0,1,-1,1,0
4.794000148773193,-1,-1,-1,0.0,0,-1,1,0,1,-1,1,0
4.973999977111816,-1,-1,-1,0.0,0,-1,0,0,0,-1,1,0
5.085999965667725,-1,-1,-1,0.0,0,-1,1,0,0,-1,1,0
5.209000110626221,-1,-1,-1,0.0,0,0,1,0,0,-1,1,0
5.229000091552734,-1,-1,1,2.0,0,0,1,0,0,1,1,0
5.25600004196167,-1,-1,1,0.0,0,0,0,0,0,1,1,0
5.421000003814697,-1,-1,1,0.0,0,1,1,0,0,1,1,0
5.40500020980835,-1,-1,1,0.0,0,2,1,0,0,1,1,0
5.3979997634887695,-1,1,1,0.0,0,2,1,0,2,1,1,0
5.413000106811523,-1,1,1,0.0,0,2,1,0,2,1,1,0
5.372000217437744,-1,1,1,0.0,0,2,0,0,0,1,1,0
5.25,-1,1,1,0.0,0,2,0,0,0,1,1,0
5.10099983215332,-1,1,1,0.0,0,1,0,0,0,-1,1,0
5.210999965667725,-1,1,1,0.0,0,2,1,0,0,1,1,0
5.173999786376953,-1,1,1,0.0,0,2,0,0,0,-1,1,0
5.117000102996826,-1,-1,-1,-2.0,0,1,0,0,0,-1,1,0
4.945000171661377,-1,-1,-1,0.0,0,0,0,0,0,-1,1,0
4.934000015258789,-1,-1,-1,0.0,0,-1,0,0,1,-1,1,0
4.943999767303467,-1,-1,-1,0.0,0,-1,0,0,1,-1,1,0
4.942999839782715,-1,-1,-1,0.0,0,-1,0,0,1,-1,1,0
5.089000225067139,-1,-1,-1,0.0,0,-1,0,0,0,-1,1,0
5.093999862670898,-1,-1,-1,0.0,0,-1,0,0,0,-1,1,0
5.151999950408936,-1,-1,-1,0.0,0,-1,1,0,0,1,1,0
5.2729997634887695,-1,-1,1,2.0,0,0,1,0,0,1,1,0
7.560999870300293,-1,1,1,0.0,0,2,1,0,2,1,1,0
7.492000102996826,1,1,1,0.0,0,2,0,0,2,1,1,2
8.022000312805176,1,1,1,0.0,0,2,1,0,2,1,1,0
8.074999809265137,1,1,1,0.0,0,2,0,0,2,1,1,0
8.043999671936035,1,1,1,0.0,0,2,0,0,2,1,1,0
8.562999725341797,1,1,1,0.0,0,2,0,0,2,1,1,0
8.295999526977539,1,1,1,0.0,0,2,0,0,2,1,1,0
8.222999572753906,1,1,1,0.0,0,2,0,0,2,1,1,0
8.295999526977539,1,1,1,0.0,0,2,0,0,2,1,1,0
8.298999786376953,1,1,1,0.0,0,2,0,0,2,1,1,0
8.255999565124512,1,1,1,0.0,0,2,0,0,0,1,1,0
8.27299976348877,1,1,1,0.0,0,2,0,0,0,1,1,0
8.454000473022461,1,1,1,0.0,0,2,0,0,0,1,1,0
8.553000450134277,1,1,1,0.0,0,2,0,0,0,1,1,0
8.663999557495117,1,1,1,0.0,0,2,0,0,0,1,1,0
8.319999694824219,1,1,-1,-2.0,0,2,0,0,0,1,1,0
8.793000221252441,1,1,-1,0.0,0,2,0,0,0,1,1,0
8.626999855041504,1,1,-1,0.0,0,2,0,0,0,1,1,0
8.654999732971191,1,1,-1,0.0,0,2,0,0,0,1,1,0
8.862000465393066,1,1,-1,0.0,0,1,0,0,2,1,1,0
8.881999969482422,1,1,-1,0.0,0,2,1,0,2,1,1,0
9.07699966430664,1,1,-1,0.0,0,2,1,0,2,1,1,0
9.005999565124512,1,1,-1,0.0,0,2,0,0,2,1,1,0
9.053000450134276,1,1,-1,0.0,0,2,0,0,2,1,1,0
9.01200008392334,1,1,-1,0.0,0,2,0,0,2,1,1,0
9.291999816894531,1,1,-1,0.0,0,2,1,0,2,1,1,0
9.14900016784668,1,1,-1,0.0,0,2,0,0,2,1,1,0
9.336000442504885,1,1,-1,0.0,0,2,0,0,2,1,1,0
9.154000282287598,1,1,-1,0.0,0,2,0,0,2,1,1,0
9.206000328063965,1,1,-1,0.0,0,2,1,0,2,1,1,0
8.934000015258789,1,1,-1,0.0,0,1,0,0,0,1,1,0
9.164999961853027,1,1,-1,0.0,0,2,1,0,0,1,1,0
8.958000183105469,1,1,-1,0.0,0,1,0,0,0,1,1,0
9.220999717712402,1,1,-1,0.0,0,1,0,0,0,1,1,0
9.380000114440918,1,1,-1,0.0,0,2,0,0,2,1,1,0
9.420000076293944,1,1,-1,0.0,0,1,0,0,2,1,1,0
9.100000381469728,1,1,-1,0.0,0,1,0,0,0,1,1,0
9.277000427246094,1,1,-1,0.0,0,1,0,0,0,1,1,0
9.399999618530272,1,1,-1,0.0,0,1,0,0,2,1,1,0
9.454999923706056,1,1,-1,0.0,0,1,0,0,2,1,1,0
9.269000053405762,1,1,-1,0.0,0,1,0,0,0,1,1,0
9.163999557495115,1,1,-1,0.0,0,0,0,0,0,1,1,0
9.482999801635742,1,1,-1,0.0,0,1,1,0,2,1,1,0
9.413999557495115,1,1,-1,0.0,0,1,0,0,2,1,1,0
9.333000183105469,1,1,-1,0.0,0,1,1,0,0,1,1,0
9.489999771118164,1,1,-1,0.0,0,1,0,0,2,1,1,0
9.517999649047852,1,1,-1,0.0,0,2,1,0,2,1,1,0
9.470000267028809,1,1,-1,0.0,0,1,0,0,2,1,1,0
9.729999542236328,1,1,-1,0.0,0,1,0,0,2,1,1,0
9.48799991607666,1,1,-1,0.0,0,1,0,0,0,1,1,0
9.024999618530272,1,1,-1,0.0,0,0,0,0,1,1,1,0
9.314000129699709,1,1,-1,0.0,0,1,0,0,0,1,1,0
9.279000282287598,1,1,-1,0.0,0,0,0,0,0,1,1,0
8.949999809265137,1,1,-1,0.0,0,0,0,0,1,-1,1,0
8.595999717712402,1,1,-1,0.0,0,-1,0,0,1,-1,1,0
8.432000160217285,1,1,-1,0.0,0,-1,0,0,1,-1,1,0
8.684000015258789,1,1,-1,0.0,0,-1,0,0,1,-1,1,0
8.848999977111816,1,1,-1,0.0,0,0,1,0,1,-1,1,0
8.687000274658203,-1,1,-1,0.0,0,-1,0,0,1,-1,1,0
8.913999557495117,-1,1,-1,0.0,0,0,0,0,0,-1,1,0
9.012999534606934,-1,1,-1,0.0,0,0,0,0,0,1,1,0
9.13700008392334,-1,1,-1,0.0,0,0,0,0,0,1,1,0
9.32900047302246,-1,1,-1,0.0,0,0,0,0,0,1,1,0
12.79300022125244,1,1,1,2.0,0,2,1,0,2,1,1,0
12.569000244140623,1,1,1,0.0,0,2,0,0,2,1,1,2
13.300000190734863,1,1,1,0.0,0,2,0,0,2,1,1,0
12.668999671936035,1,1,1,0.0,0,2,0,0,2,1,1,0
12.723999977111816,1,1,1,0.0,0,2,1,0,2,1,1,0
12.560999870300291,1,1,1,0.0,0,2,0,0,2,1,1,0
12.53600025177002,1,1,1,0.0,0,2,0,0,2,1,1,0
12.902999877929688,1,1,1,0.0,0,2,0,0,2,1,1,0
12.968000411987305,1,1,1,0.0,0,2,0,0,2,1,1,0
13.670000076293944,1,1,1,0.0,0,2,1,0,2,1,1,0
13.835000038146973,1,1,1,0.0,0,2,0,0,2,1,1,0
13.972000122070312,1,1,1,0.0,0,2,0,0,2,1,1,0
14.008999824523926,1,1,1,0.0,0,2,0,0,2,1,1,0
14.166000366210938,1,1,1,0.0,0,2,0,0,2,1,1,0
14.07800006866455,1,1,1,0.0,0,2,0,0,0,1,1,0
14.187999725341797,1,1,1,0.0,0,2,1,0,0,1,1,0
14.668999671936035,1,1,1,0.0,0,2,0,0,2,1,1,0
14.189000129699709,1,1,1,0.0,0,2,1,0,0,1,1,0
13.925000190734863,1,1,-1,-2.0,0,2,0,0,0,1,1,0
14.196999549865724,1,1,-1,0.0,0,2,1,0,0,1,1,0
14.244000434875488,1,1,-1,0.0,0,2,0,0,0,1,1,0
14.772000312805176,1,1,-1,0.0,0,2,0,0,2,1,1,0
14.583999633789062,1,1,-1,0.0,0,2,0,0,2,1,1,0
14.562000274658203,1,1,-1,0.0,0,2,0,0,2,1,1,0
14.609000205993652,1,1,-1,0.0,0,2,0,0,0,1,1,0
14.265000343322754,1,1,-1,0.0,0,1,0,0,0,1,1,0
14.472999572753906,1,1,-1,0.0,0,1,0,0,0,1,1,0
14.484999656677246,1,1,-1,0.0,0,1,0,0,0,1,1,0
14.322999954223633,1,1,-1,0.0,0,1,0,0,0,1,1,0
14.185999870300291,1,1,-1,0.0,0,0,0,0,0,1,1,0
13.934000015258787,1,1,-1,0.0,0,-1,0,0,1,-1,1,0
15.468000411987305,1,1,-1,0.0,0,2,1,0,2,1,1,0
15.574999809265137,1,1,-1,0.0,0,2,1,0,2,1,1,0
15.491999626159668,1,1,-1,0.0,0,2,0,0,2,1,1,0
15.090999603271484,1,1,-1,0.0,0,2,0,0,2,1,1,0
14.35200023651123,1,1,-1,0.0,0,0,0,0,0,-1,1,0
13.336999893188477,1,1,-1,0.0,0,-1,0,0,1,-1,1,0
13.885000228881836,1,1,-1,0.0,0,0,1,0,1,-1,1,0
13.623000144958496,1,1,-1,0.0,0,0,0,0,1,-1,1,0
13.34000015258789,1,1,-1,0.0,0,0,0,0,1,-1,1,0
13.1899995803833,1,1,-1,0.0,0,-1,0,0,1,-1,1,0
12.892000198364258,1,1,-1,0.0,0,-1,0,0,1,-1,1,0
11.864999771118164,1,1,-1,0.0,0,-1,0,0,1,-1,1,0
11.77299976348877,1,1,-1,0.0,0,-1,0,0,1,-1,1,0
12.305999755859377,-1,1,-1,0.0,0,-1,1,0,1,-1,1,0
12.38700008392334,-1,-1,-1,0.0,0,-1,0,0,1,-1,1,0
12.98900032043457,-1,-1,-1,0.0,0,-1,1,0,0,-1,1,0
12.82800006866455,-1,-1,-1,0.0,0,-1,0,0,0,-1,1,0
12.472000122070312,-1,-1,-1,0.0,0,-1,0,0,0,-1,1,0
12.130000114440918,-1,-1,-1,0.0,0,-1,0,0,1,-1,1,0
12.4399995803833,-1,-1,-1,0.0,0,0,1,0,0,-1,1,0
12.274999618530272,-1,-1,-1,0.0,0,-1,0,0,0,-1,1,0
11.380000114440918,-1,-1,-1,0.0,0,-1,0,0,1,-1,1,0
11.62399959564209,-1,-1,-1,0.0,0,-1,1,0,1,-1,1,0
11.031000137329102,-1,-1,-1,0.0,0,-1,0,0,1,-1,1,0
10.911999702453612,-1,-1,-1,0.0,0,-1,0,0,1,-1,1,0
11.527999877929688,-1,-1,-1,0.0,0,0,1,0,0,-1,1,0
12.354999542236328,-1,-1,-1,0.0,0,1,1,0,0,-1,1,0
12.65999984741211,-1,-1,1,2.0,0,1,0,0,0,-1,1,0
12.795000076293944,-1,-1,1,0.0,0,1,0,0,0,1,1,0
12.300000190734863,-1,-1,1,0.0,0,0,0,0,0,-1,1,0
12.211000442504885,-1,-1,1,0.0,0,0,0,0,0,-1,1,0
13.187999725341797,-1,-1,1,0.0,0,1,1,0,2,1,1,0
12.220000267028809,-1,-1,1,0.0,0,1,0,0,0,-1,1,0
12.256999969482422,-1,-1,1,0.0,0,0,0,0,0,1,1,0
11.093000411987305,-1,-1,1,0.0,0,0,0,0,1,1,1,0
11.206000328063965,-1,-1,-1,-2.0,0,0,1,0,1,1,1,0
11.651000022888184,-1,-1,-1,0.0,0,1,0,0,0,1,1,0
12.333999633789062,-1,-1,1,2.0,0,1,1,0,0,1,1,0
12.52299976348877,-1,-1,1,0.0,0,2,0,0,0,1,1,0
11.373000144958496,-1,-1,1,0.0,0,0,0,0,0,1,1,0
11.32699966430664,-1,-1,-1,-2.0,0,0,0,0,0,1,1,0
11.852999687194824,-1,-1,1,2.0,0,0,0,0,0,1,1,0
11.9350004196167,-1,-1,1,0.0,0,0,0,0,0,1,1,0
12.9399995803833,-1,-1,1,0.0,0,1,1,0,2,1,1,0
12.942999839782717,-1,-1,1,0.0,0,1,0,0,2,1,1,0
13.565999984741213,-1,1,1,0.0,0,1,0,0,2,1,1,0
14.081000328063965,-1,1,1,0.0,0,2,1,0,2,1,1,0
14.244999885559082,-1,1,1,0.0,0,2,0,0,2,1,1,0
14.861000061035156,1,1,1,0.0,0,2,1,0,2,1,1,0
14.01099967956543,1,1,1,0.0,0,2,0,0,2,1,1,0
14.187000274658203,1,1,1,0.0,0,2,0,0,2,1,1,0
13.357000350952148,1,1,1,0.0,0,1,0,0,0,1,1,0
13.475000381469728,1,1,1,0.0,0,1,0,0,0,1,1,0
13.781000137329102,1,1,1,0.0,0,2,1,0,0,1,1,0
14.34000015258789,1,1,1,0.0,0,2,1,0,2,1,1,0
13.899999618530272,1,1,1,0.0,0,2,0,0,0,1,1,0
13.652999877929688,1,1,1,0.0,0,2,0,0,0,1,1,0
12.447999954223633,1,1,-1,-2.0,0,0,0,0,0,1,1,0
12.381999969482422,1,1,-1,0.0,0,0,0,0,0,1,1,0
12.154999732971191,1,1,-1,0.0,0,-1,0,0,1,-1,1,0
11.708999633789062,1,1,-1,0.0,0,-1,0,0,1,-1,1,0
10.654999732971191,1,-1,-1,0.0,0,-1,0,0,1,-1,1,0
10.439000129699709,1,-1,-1,0.0,0,-1,0,0,1,-1,1,0
11.081000328063965,-1,-1,-1,0.0,0,-1,1,0,1,-1,1,0
11.395999908447266,-1,-1,-1,0.0,0,-1,0,0,1,-1,1,0
11.44499969482422,-1,-1,-1,0.0,0,-1,1,0,1,-1,1,0
11.605999946594238,-1,-1,-1,0.0,0,-1,0,0,0,1,1,0
11.616000175476074,-1,-1,-1,0.0,0,-1,0,0,0,1,1,0
10.956000328063965,-1,-1,-1,0.0,0,-1,0,0,1,1,1,0
11.791999816894531,-1,-1,-1,0.0,0,-1,1,0,0,1,1,0
12.45699977874756,-1,-1,1,2.0,0,0,1,0,0,1,1,0
12.80500030517578,-1,-1,1,0.0,0,1,1,0,0,1,1,0
12.880000114440918,-1,-1,1,0.0,0,1,0,0,0,1,1,0
12.967000007629396,-1,-1,1,0.0,0,1,0,0,0,1,1,0
12.729999542236328,-1,-1,1,0.0,0,1,0,0,0,1,1,0
12.848999977111816,-1,-1,1,0.0,0,2,1,0,0,1,1,0
13.041000366210938,-1,1,1,0.0,0,2,1,0,2,1,1,0
13.050999641418455,1,1,1,0.0,0,2,0,0,2,1,1,0
13.317999839782717,1,1,1,0.0,0,2,0,0,2,1,1,0
13.89900016784668,1,1,1,0.0,0,2,1,0,2,1,1,0
13.402000427246094,1,1,1,0.0,0,2,0,0,2,1,1,0
13.383999824523926,1,1,1,0.0,0,2,0,0,2,1,1,0
13.503999710083008,1,1,1,0.0,0,2,1,0,2,1,1,0
13.777999877929688,1,1,1,0.0,0,2,0,0,2,1,1,0
13.569000244140623,1,1,1,0.0,0,2,0,0,0,1,1,0
13.456000328063965,1,1,1,0.0,0,2,0,0,0,1,1,0
14.005000114440918,1,1,1,0.0,0,2,1,0,2,1,1,0
14.267999649047852,1,1,1,0.0,0,2,0,0,2,1,1,0
14.526000022888184,1,1,1,0.0,0,2,1,0,2,1,1,0
15.166999816894531,1,1,1,0.0,0,2,1,0,2,1,1,0
15.515999794006348,1,1,1,0.0,0,2,0,0,2,1,1,0
14.75,1,1,1,0.0,0,2,0,0,2,1,1,0
14.20400047302246,1,1,1,0.0,0,1,0,0,0,1,1,0
14.618000030517578,1,1,1,0.0,0,1,0,0,0,1,1,0
14.890000343322754,1,1,1,0.0,0,2,1,0,2,1,1,0
15.29800033569336,1,1,1,0.0,0,2,0,0,2,1,1,0
15.133999824523926,1,1,1,0.0,0,2,0,0,2,1,1,0
15.343000411987305,1,1,1,0.0,0,2,0,0,2,1,1,0
15.812000274658203,1,1,1,0.0,0,2,1,0,2,1,1,0
16.170000076293945,1,1,1,0.0,0,2,1,0,2,1,1,0
15.008999824523926,1,1,1,0.0,0,1,0,0,0,1,1,0
15.048999786376951,1,1,-1,-2.0,0,1,0,0,0,1,1,0
19.77300071716309,1,1,1,2.0,0,2,1,0,2,1,1,0
19.761999130249023,1,1,1,0.0,0,2,0,0,2,1,1,2
19.549999237060547,1,1,1,0.0,0,2,0,0,2,1,1,0
19.5,1,1,1,0.0,0,2,1,0,2,1,1,0
19.753999710083008,1,1,1,0.0,0,2,1,0,2,1,1,0
19.511999130249023,1,1,1,0.0,0,2,0,0,2,1,1,0
18.9379997253418,1,1,1,0.0,0,2,0,0,2,1,1,0
19.12299919128418,1,1,1,0.0,0,2,0,0,2,1,1,0
18.63500022888184,1,1,1,0.0,0,2,0,0,0,-1,1,0
18.8799991607666,1,1,1,0.0,0,2,0,0,0,1,1,0
19.434999465942383,1,1,1,0.0,0,2,0,0,0,1,1,0
20.4379997253418,1,1,1,0.0,0,2,0,0,2,1,1,0
20.780000686645508,1,1,1,0.0,0,2,1,0,2,1,1,0
20.518999099731445,1,1,1,0.0,0,2,0,0,2,1,1,0
20.822999954223636,1,1,1,0.0,0,2,0,0,2,1,1,0
20.700000762939453,1,1,1,0.0,0,1,0,0,0,1,1,0
20.375,1,1,-1,-2.0,0,1,0,0,0,1,1,0
20.566999435424805,1,1,-1,0.0,0,2,0,0,0,1,1,0
20.59600067138672,1,1,-1,0.0,0,1,0,0,0,1,1,0
21.35700035095215,1,1,-1,0.0,0,2,1,0,2,1,1,0
20.291000366210938,1,1,-1,0.0,0,2,0,0,0,1,1,0
19.70400047302246,1,1,-1,0.0,0,1,0,0,0,1,1,0
18.694000244140625,1,1,-1,0.0,0,1,0,0,1,-1,1,0
18.038000106811523,1,1,-1,0.0,0,0,0,0,1,-1,1,0
18.650999069213867,1,1,-1,0.0,0,0,0,0,1,-1,1,0
19.795000076293945,1,1,-1,0.0,0,0,0,0,0,-1,1,0
20.613000869750977,1,1,-1,0.0,0,0,1,0,0,1,1,0
20.68400001525879,1,1,-1,0.0,0,1,0,0,0,1,1,0
20.72100067138672,1,1,-1,0.0,0,0,0,0,0,1,1,0
19.799999237060547,1,1,-1,0.0,0,0,0,0,0,1,1,0
19.652000427246094,1,1,-1,0.0,0,0,0,0,0,1,1,0
19.75,1,1,-1,0.0,0,0,0,0,0,1,1,0
19.48200035095215,1,1,-1,0.0,0,0,0,0,0,1,1,0
19.988000869750977,1,1,-1,0.0,0,0,0,0,0,1,1,0
20.035999298095703,1,1,-1,0.0,0,0,1,0,0,1,1,0
20.049999237060547,1,1,-1,0.0,0,1,1,0,0,1,1,0
20.215999603271484,1,1,-1,0.0,0,2,1,0,0,1,1,0
20.326000213623047,1,1,-1,0.0,0,2,1,0,0,1,1,0
19.878999710083008,1,1,-1,0.0,0,2,0,0,0,1,1,0
19.874000549316406,1,1,-1,0.0,0,1,0,0,0,1,1,0
21.10300064086914,1,1,-1,0.0,0,1,1,0,2,1,1,0
21.072999954223636,1,1,1,2.0,0,1,0,0,2,1,1,0
20.77899932861328,1,1,1,0.0,0,1,0,0,2,1,1,0
21.475000381469727,1,1,1,0.0,0,2,1,0,2,1,1,0
21.52400016784668,1,1,1,0.0,0,2,1,0,2,1,1,0
22.589000701904297,1,1,1,0.0,0,2,1,0,2,1,1,0
22.14800071716309,1,1,1,0.0,0,2,0,0,2,1,1,0
22.121999740600582,1,1,1,0.0,0,2,0,0,2,1,1,0
22.516000747680664,1,1,1,0.0,0,2,0,0,2,1,1,0
23.19599914550781,1,1,1,0.0,0,2,0,0,2,1,1,0
22.55900001525879,1,1,1,0.0,0,2,0,0,2,1,1,0
21.76499938964844,1,1,1,0.0,0,2,0,0,0,-1,1,0
22.211000442504883,1,1,1,0.0,0,2,1,0,0,1,1,0
18.992000579833984,1,1,-1,-2.0,0,0,0,0,1,-1,1,0
18.35099983215332,1,1,-1,0.0,0,-1,0,0,1,-1,1,1
17.676000595092773,1,1,-1,0.0,0,-1,0,0,1,-1,1,0
18.525999069213867,1,1,-1,0.0,0,-1,1,0,1,-1,1,0
19.988000869750977,1,1,-1,0.0,0,0,1,0,0,-1,1,2
20.20400047302246,-1,1,-1,0.0,0,0,0,0,0,-1,1,0
19.802000045776367,-1,1,-1,0.0,0,-1,0,0,0,-1,1,0
19.816999435424805,-1,1,-1,0.0,0,-1,0,0,0,-1,1,0
19.902999877929688,-1,1,-1,0.0,0,-1,0,0,0,1,1,0
19.88999938964844,-1,1,-1,0.0,0,-1,0,0,0,-1,1,0
19.52899932861328,-1,1,-1,0.0,0,-1,0,0,0,-1,1,0
19.59000015258789,-1,1,-1,0.0,0,-1,0,0,0,-1,1,0
20.208999633789062,-1,1,-1,0.0,0,0,1,0,0,1,1,0
20.145000457763672,-1,1,-1,0.0,0,-1,0,0,0,-1,1,0
20.18899917602539,-1,1,1,2.0,0,2,1,0,0,1,1,0
19.881000518798828,-1,1,1,0.0,0,2,1,0,0,-1,1,0
19.742000579833984,-1,1,1,0.0,0,2,1,0,0,-1,1,0
22.291000366210938,-1,1,1,0.0,0,2,1,0,2,1,1,0
23.229999542236328,1,1,1,0.0,0,2,0,0,2,1,1,2
23.72599983215332,1,1,1,0.0,0,2,0,0,2,1,1,0
24.503999710083008,1,1,1,0.0,0,2,1,0,2,1,1,0
24.988000869750977,1,1,1,0.0,0,2,0,0,2,1,1,0
24.93600082397461,1,1,1,0.0,0,2,0,0,2,1,1,0
24.21999931335449,1,1,1,0.0,0,2,0,0,2,1,1,0
24.6879997253418,1,1,1,0.0,0,2,1,0,2,1,1,0
24.49399948120117,1,1,1,0.0,0,2,0,0,2,1,1,0
24.81100082397461,1,1,1,0.0,0,2,0,0,2,1,1,0
24.51799964904785,1,1,1,0.0,0,2,0,0,0,1,1,0
25.1299991607666,1,1,1,0.0,0,2,0,0,2,1,1,0
25.108999252319336,1,1,1,0.0,0,2,0,0,2,1,1,0
24.13400077819824,1,1,1,0.0,0,2,0,0,0,-1,1,0
23.429000854492188,1,1,-1,-2.0,0,1,0,0,0,-1,1,0
22.6879997253418,1,1,-1,0.0,0,0,0,0,0,-1,1,0
22.59499931335449,1,1,-1,0.0,0,0,0,0,0,-1,1,0
23.145000457763672,1,1,-1,0.0,0,-1,0,0,0,-1,1,0
22.777999877929688,1,1,-1,0.0,0,-1,0,0,0,-1,1,0
23.37700080871582,1,1,-1,0.0,0,-1,1,0,0,-1,1,0
23.42099952697754,1,1,-1,0.0,0,0,1,0,0,-1,1,0
23.382999420166016,1,1,-1,0.0,0,-1,0,0,0,-1,1,0
23.777000427246094,1,1,-1,0.0,0,0,1,0,0,-1,1,0
23.968000411987305,1,1,-1,0.0,0,0,0,0,0,-1,1,0
24.117000579833984,1,1,-1,0.0,0,0,1,0,0,-1,1,0
23.94300079345703,1,1,-1,0.0,0,-1,0,0,0,-1,1,0
24.07900047302246,1,1,-1,0.0,0,0,0,0,0,-1,1,0
24.405000686645508,1,1,-1,0.0,0,1,1,0,0,1,1,0
24.81599998474121,1,1,1,2.0,0,2,1,0,2,1,1,0
24.35400009155273,1,1,1,0.0,0,2,1,0,0,1,1,0
24.417999267578125,1,1,1,0.0,0,2,0,0,0,1,1,0
24.1560001373291,1,1,-1,-2.0,0,2,0,0,0,-1,1,0
23.5310001373291,1,1,-1,0.0,0,1,0,0,0,-1,1,0
24.902999877929688,1,1,-1,0.0,0,2,1,0,2,-1,1,0
24.542999267578125,1,1,-1,0.0,0,2,0,0,2,-1,1,0
24.83799934387207,1,1,-1,0.0,0,2,0,0,2,1,1,0
25.52199935913086,1,1,1,2.0,0,2,0,0,2,1,1,0
27.854999542236328,1,1,1,0.0,0,2,1,0,2,1,1,2
26.035999298095703,1,1,1,0.0,0,2,0,0,2,1,1,0
26.51300048828125,1,1,1,0.0,0,2,1,0,2,1,1,0
26.33099937438965,1,1,1,0.0,0,2,0,0,2,1,1,0
26.464000701904297,1,1,1,0.0,0,2,0,0,2,1,1,0
26.097999572753903,1,1,1,0.0,0,1,0,0,0,1,1,0
24.97800064086914,1,1,-1,-2.0,0,1,0,0,0,-1,1,0
25.187000274658203,1,1,-1,0.0,0,1,0,0,0,-1,1,0
25.722999572753903,1,1,-1,0.0,0,1,1,0,0,1,1,0
27.367000579833984,1,1,1,2.0,0,2,1,0,2,1,1,2
27.194000244140625,1,1,1,0.0,0,2,0,0,2,1,1,0
25.507999420166016,1,1,-1,-2.0,0,1,0,0,0,-1,1,0
26.464000701904297,1,1,-1,0.0,0,1,0,0,0,1,1,0
25.03899955749512,1,1,-1,0.0,0,0,0,0,0,-1,1,0
24.351999282836918,1,1,-1,0.0,0,-1,0,0,1,-1,1,1
24.86199951171875,1,1,-1,0.0,0,0,1,0,0,-1,1,0
24.29199981689453,1,1,-1,0.0,0,-1,0,0,1,-1,1,0
25.011999130249023,1,1,-1,0.0,0,0,1,0,0,-1,1,0
26.01099967956543,1,1,-1,0.0,0,0,1,0,0,1,1,0
25.983999252319336,1,1,-1,0.0,0,0,0,0,0,-1,1,0
24.64299964904785,1,1,-1,0.0,0,0,0,0,1,-1,1,0
25.086000442504883,1,1,-1,0.0,0,0,0,0,0,-1,1,0
24.61100006103516,1,1,-1,0.0,0,0,0,0,1,-1,1,0
24.839000701904297,1,1,-1,0.0,0,-1,0,0,0,-1,1,0
25.006999969482425,1,1,-1,0.0,0,-1,0,0,0,-1,1,0
24.57699966430664,1,1,-1,0.0,0,0,1,0,0,-1,1,0
23.49799919128418,1,1,-1,0.0,0,-1,0,0,1,-1,1,0
24.018999099731445,1,1,-1,0.0,0,0,1,0,1,-1,1,0
24.371000289916992,-1,-1,-1,0.0,0,1,1,0,0,-1,1,0
23.3129997253418,-1,-1,-1,0.0,0,0,0,0,1,-1,1,0
21.367000579833984,-1,-1,-1,0.0,0,-1,0,0,1,-1,1,0
21.006000518798828,-1,-1,-1,0.0,0,-1,0,0,1,-1,1,1
21.17099952697754,-1,-1,-1,0.0,0,-1,0,0,1,-1,1,0
21.388999938964844,-1,-1,-1,0.0,0,-1,0,0,1,-1,1,0
20.749000549316406,-1,-1,-1,0.0,0,-1,0,0,1,-1,1,0
21.084999084472656,-1,-1,-1,0.0,0,-1,0,0,1,-1,1,0
21.325000762939453,-1,-1,-1,0.0,0,-1,1,0,1,-1,1,0
20.812000274658203,-1,-1,-1,0.0,0,-1,0,0,1,-1,1,0
21.038000106811523,-1,-1,-1,0.0,0,-1,0,0,1,-1,1,0
20.70499992370605,-1,-1,-1,0.0,0,-1,0,0,1,-1,1,0
20.29199981689453,-1,-1,-1,0.0,0,-1,0,0,1,-1,1,0
19.26099967956543,-1,-1,-1,0.0,0,-1,0,0,1,-1,1,0
19.45800018310547,-1,-1,-1,0.0,0,-1,0,0,1,-1,1,0
19.440000534057617,-1,-1,-1,0.0,0,-1,0,0,1,-1,1,0
18.47599983215332,-1,-1,-1,0.0,0,-1,1,0,1,-1,1,0
18.7549991607666,-1,-1,-1,0.0,0,-1,1,0,1,-1,1,0
18.358999252319336,-1,-1,-1,0.0,0,-1,0,0,1,-1,1,0
18.39900016784668,-1,-1,-1,0.0,0,-1,0,0,1,-1,1,0
18.958999633789062,-1,-1,-1,0.0,0,-1,1,0,0,-1,1,0
18.774999618530277,-1,-1,-1,0.0,0,-1,0,0,1,-1,1,0
19.40399932861328,-1,-1,1,2.0,0,-1,1,0,0,-1,1,0
19.04400062561035,-1,-1,1,0.0,0,-1,0,0,0,-1,1,0
19.10300064086914,-1,-1,1,0.0,0,-1,0,0,0,-1,1,0
18.565000534057617,-1,-1,1,0.0,0,-1,0,0,1,-1,1,0
19.843000411987305,-1,-1,1,0.0,0,0,1,0,0,1,1,0
20.128999710083008,-1,-1,1,0.0,0,1,1,0,0,1,1,0
21.200000762939453,-1,-1,1,0.0,0,2,1,0,2,1,1,0
19.583999633789062,-1,-1,1,0.0,0,1,0,0,0,-1,1,0
20.14900016784668,-1,-1,1,0.0,0,2,1,0,0,1,1,0
19.481000900268555,-1,-1,1,0.0,0,1,0,0,0,-1,1,0
20.083999633789062,-1,-1,1,0.0,0,2,1,0,2,1,1,0
18.981000900268555,-1,-1,1,0.0,0,1,0,0,0,-1,1,0
19.211000442504883,-1,-1,1,0.0,0,1,0,0,0,-1,1,0
19.69700050354004,-1,-1,1,0.0,0,1,1,0,0,1,1,0
20.261999130249023,-1,-1,1,0.0,0,1,0,0,2,1,1,0
20.996999740600582,-1,-1,1,0.0,0,1,1,0,2,1,1,0
20.731000900268555,-1,-1,1,0.0,0,1,0,0,2,1,1,0
20.965999603271484,-1,-1,1,0.0,0,2,1,0,2,1,1,0
20.07999992370605,-1,-1,1,0.0,0,1,0,0,0,1,1,0
20.309999465942383,-1,-1,1,0.0,0,1,0,0,0,1,1,0
20.28899955749512,-1,-1,1,0.0,0,0,0,0,0,1,1,0
19.952999114990234,-1,-1,1,0.0,0,1,1,0,0,1,1,0
19.441999435424805,-1,-1,1,0.0,0,0,0,0,0,-1,1,0
19.274999618530277,-1,-1,-1,-2.0,0,0,1,0,1,-1,1,0
19.55299949645996,-1,-1,-1,0.0,0,0,0,0,0,1,1,0
21.701000213623047,-1,-1,1,2.0,0,2,1,0,2,1,1,0
22.38500022888184,1,-1,1,0.0,0,2,0,0,2,1,1,2
22.88500022888184,1,1,1,0.0,0,2,0,0,2,1,1,0
22.808000564575195,1,1,1,0.0,0,2,0,0,2,1,1,0
22.915000915527344,1,1,1,0.0,0,2,0,0,2,1,1,0
23.174999237060547,1,1,1,0.0,0,2,1,0,2,1,1,0
23.64699935913086,1,1,1,0.0,0,2,0,0,2,1,1,0
24.04700088500977,1,1,1,0.0,0,2,1,0,2,1,1,0
24.006999969482425,1,1,1,0.0,0,2,0,0,2,1,1,0
24.371000289916992,1,1,1,0.0,0,2,0,0,2,1,1,0
25.68899917602539,1,1,1,0.0,0,2,1,0,2,1,1,0
26.32999992370605,1,1,1,0.0,0,2,1,0,2,1,1,0
26.517000198364254,1,1,1,0.0,0,2,0,0,2,1,1,0
26.333999633789062,1,1,1,0.0,0,2,0,0,2,1,1,0
22.73900032043457,1,1,1,0.0,0,1,0,0,0,1,1,0
23.750999450683597,1,1,-1,-2.0,0,1,0,0,0,1,1,1
24.41399955749512,1,1,-1,0.0,0,1,0,0,0,1,1,0
24.04199981689453,1,1,-1,0.0,0,1,0,0,0,1,1,0
24.73500061035156,1,1,-1,0.0,0,1,0,0,0,1,1,0
24.948999404907227,1,1,-1,0.0,0,1,0,0,0,1,1,0
25.006999969482425,1,1,-1,0.0,0,1,0,0,0,1,1,0
25.04800033569336,1,1,-1,0.0,0,1,0,0,0,1,1,0
24.63999938964844,1,1,-1,0.0,0,1,0,0,0,1,1,0
25.2450008392334,1,1,-1,0.0,0,1,0,0,0,1,1,0
25.38400077819824,1,1,-1,0.0,0,0,0,0,0,1,1,0
25.00300025939941,1,1,-1,0.0,0,0,0,0,0,1,1,0
25.312000274658203,1,1,-1,0.0,0,0,0,0,0,1,1,0
26.270999908447266,1,1,-1,0.0,0,0,1,0,2,1,1,0
26.375,1,1,1,2.0,0,2,1,0,2,1,1,0
26.864999771118164,1,1,1,0.0,0,2,0,0,2,1,1,0
26.799999237060547,1,1,1,0.0,0,2,0,0,2,1,1,0
27.35099983215332,1,1,1,0.0,0,2,1,0,2,1,1,0
27.23500061035156,1,1,1,0.0,0,2,0,0,2,1,1,0
25.27199935913086,1,1,-1,-2.0,0,1,0,0,0,1,1,1
25.97800064086914,1,1,-1,0.0,0,1,1,0,0,1,1,0
27.145000457763672,1,1,-1,0.0,0,2,1,0,2,1,1,0
27.19099998474121,1,1,-1,0.0,0,2,1,0,2,1,1,0
27.791000366210938,1,1,1,2.0,0,2,0,0,2,1,1,0
28.027999877929688,1,1,1,0.0,0,2,0,0,2,1,1,0
28.520000457763672,1,1,1,0.0,0,2,1,0,2,1,1,0
28.66399955749512,1,1,1,0.0,0,2,0,0,2,1,1,0
27.775999069213867,1,1,1,0.0,0,1,0,0,0,1,1,0
28.816999435424805,1,1,1,0.0,0,2,1,0,2,1,1,0
28.416000366210938,1,1,1,0.0,0,1,0,0,2,1,1,0
28.479999542236328,1,1,1,0.0,0,1,0,0,2,1,1,0
28.100000381469727,1,1,-1,-2.0,0,1,0,0,0,1,1,0
28.09499931335449,1,1,-1,0.0,0,1,0,0,0,1,1,0
28.00200080871582,1,1,-1,0.0,0,2,1,0,0,1,1,0
28.22249984741211,1,1,-1,0.0,0,2,0,0,0,1,1,0
28.03899955749512,1,1,-1,0.0,0,1,0,0,0,1,1,0
28.017000198364254,1,1,-1,0.0,0,1,0,0,0,1,1,0
27.322999954223636,1,1,-1,0.0,0,0,0,0,0,-1,1,0
28.179000854492188,1,1,-1,0.0,0,1,1,0,0,1,1,0
28.10300064086914,1,1,-1,0.0,0,0,0,0,0,-1,1,0
27.763999938964844,1,1,-1,0.0,0,0,0,0,0,-1,1,0
26.917999267578125,1,1,-1,0.0,0,0,0,0,1,-1,1,0
27.402000427246094,1,1,-1,0.0,0,-1,0,0,1,-1,1,0
30.3129997253418,1,1,-1,0.0,0,2,1,0,2,1,1,2
28.75200080871582,1,1,-1,0.0,0,1,0,0,0,-1,1,0
28.871000289916992,1,1,-1,0.0,0,1,1,0,0,1,1,0
29.132999420166016,1,1,1,2.0,0,1,0,0,2,1,1,0
29.81100082397461,1,1,1,0.0,0,1,1,0,2,1,1,0
29.63999938964844,1,1,1,0.0,0,1,0,0,2,1,1,0
30.47900009155273,1,1,1,0.0,0,2,1,0,2,1,1,0
30.65699958801269,1,1,1,0.0,0,2,0,0,2,1,1,0
30.530000686645508,1,1,1,0.0,0,2,1,0,2,1,1,0
30.8439998626709,1,1,1,0.0,0,2,0,0,2,1,1,0
31.542999267578125,1,1,1,0.0,0,2,1,0,2,1,1,0
31.145000457763672,1,1,1,0.0,0,2,0,0,2,1,1,0
30.190000534057617,1,1,1,0.0,0,2,0,0,0,1,1,0
28.32099914550781,1,1,-1,-2.0,0,1,0,0,0,-1,1,0
27.35099983215332,1,1,-1,0.0,0,-1,0,0,1,-1,1,1
26.690000534057617,1,1,-1,0.0,0,-1,1,0,1,-1,1,0
25.000999450683597,1,1,-1,0.0,0,-1,0,0,1,-1,1,1
28.725000381469727,1,1,-1,0.0,0,0,1,0,0,-1,1,0
28.81100082397461,1,1,-1,0.0,0,0,0,0,0,1,1,2
27.767000198364254,1,1,-1,0.0,0,0,0,0,0,-1,1,0
27.496999740600582,-1,1,-1,0.0,0,-1,0,0,0,-1,1,0
27.117000579833984,-1,1,-1,0.0,0,-1,0,0,1,-1,1,0
25.29400062561035,-1,-1,-1,0.0,0,-1,0,0,1,-1,1,0
21.65399932861328,-1,-1,-1,0.0,0,-1,0,1,1,-1,1,1
23.56999969482422,-1,-1,-1,0.0,0,-1,1,1,1,-1,1,0
22.393999099731445,-1,-1,-1,0.0,0,-1,0,1,1,-1,1,0
19.26499938964844,-1,-1,-1,0.0,0,-1,0,1,1,-1,1,0
20.0,-1,-1,-1,0.0,0,-1,1,1,1,-1,1,0
16.048999786376953,-1,-1,-1,0.0,0,-1,0,1,1,-1,1,0
17.0,-1,-1,-1,0.0,0,-1,1,1,1,-1,1,1
14.439000129699709,-1,-1,-1,0.0,0,-1,0,1,1,-1,1,0
16.743999481201172,-1,-1,-1,0.0,0,-1,0,1,1,-1,1,0
17.0,-1,-1,-1,0.0,0,-1,0,1,1,-1,1,2
17.66699981689453,-1,-1,-1,0.0,0,-1,1,1,0,1,1,0
19.399999618530277,-1,-1,-1,0.0,0,-1,1,1,0,1,1,0
19.694000244140625,-1,-1,-1,0.0,0,-1,0,1,0,1,1,2
20.905000686645508,-1,-1,1,2.0,0,0,1,1,0,1,1,0
19.9689998626709,-1,-1,1,0.0,0,0,1,1,0,1,1,0
19.750999450683597,-1,-1,1,0.0,0,0,0,1,0,1,1,0
19.299999237060547,-1,-1,1,0.0,0,0,0,1,0,1,1,0
17.229999542236328,-1,-1,1,0.0,0,0,0,1,0,-1,1,0
16.47800064086914,-1,-1,1,0.0,0,0,0,1,1,-1,1,1
16.038999557495117,-1,-1,1,0.0,0,0,1,1,1,-1,1,0
19.0049991607666,-1,-1,1,0.0,0,1,1,1,0,-1,1,0
19.13400077819824,-1,-1,1,0.0,0,2,1,0,0,1,1,2
20.73500061035156,-1,-1,1,0.0,0,2,0,0,2,1,1,0
21.375999450683597,-1,-1,1,0.0,0,2,0,0,2,1,1,2
21.86199951171875,-1,-1,1,0.0,0,2,0,0,2,1,1,0
23.340999603271484,-1,-1,1,0.0,0,2,0,0,2,1,1,0
22.6560001373291,-1,-1,1,0.0,0,2,0,0,2,1,1,0
22.072999954223636,-1,-1,1,0.0,0,1,0,0,2,1,1,0
22.851999282836918,-1,-1,1,0.0,0,2,1,0,2,1,1,0
23.299999237060547,-1,-1,1,0.0,0,2,0,0,2,1,1,0
21.614999771118164,-1,-1,1,0.0,0,1,0,0,0,1,1,0
24.41900062561035,-1,-1,1,0.0,0,2,1,0,2,1,1,0
25.39699935913086,-1,1,1,0.0,0,2,1,0,2,1,1,2
25.663000106811523,1,1,1,0.0,0,2,0,0,2,1,1,0
26.316999435424805,1,1,1,0.0,0,2,0,0,2,1,1,0
25.79400062561035,1,1,1,0.0,0,2,0,0,2,1,1,0
29.41900062561035,1,1,1,0.0,0,2,1,0,2,1,1,0
29.257999420166016,1,1,1,0.0,0,2,0,0,2,1,1,2
27.88999938964844,1,1,1,0.0,0,2,0,0,2,1,1,0
29.052000045776367,1,1,1,0.0,0,2,0,0,2,1,1,0
30.36400032043457,1,1,1,0.0,0,2,1,0,2,1,1,0
31.224000930786133,1,1,1,0.0,0,2,1,0,2,1,1,2
32.25,1,1,1,0.0,0,2,0,0,2,1,1,0
31.549999237060547,1,1,1,0.0,0,2,0,0,2,1,1,0
30.53300094604492,1,1,1,0.0,0,2,1,0,2,1,1,0
31.06399917602539,1,1,1,0.0,0,2,0,0,2,1,1,0
29.23600006103516,1,1,1,0.0,0,2,0,0,0,1,1,0
29.729999542236328,1,1,-1,-2.0,0,2,0,0,0,1,1,0
30.000999450683597,1,1,-1,0.0,0,2,0,0,0,1,1,0
29.67300033569336,1,1,-1,0.0,0,2,0,0,0,1,1,0
29.40999984741211,1,1,-1,0.0,0,0,0,0,0,1,1,0
29.71050071716309,1,1,-1,0.0,0,1,0,0,0,1,1,0
30.441999435424805,1,1,-1,0.0,0,2,1,0,0,1,1,0
30.76000022888184,1,1,-1,0.0,0,1,0,0,0,1,1,0
29.929000854492188,1,1,-1,0.0,0,0,0,0,0,1,1,0
29.42300033569336,1,1,-1,0.0,0,0,0,0,0,1,1,0
29.816999435424805,1,1,-1,0.0,0,-1,0,0,0,1,1,0
31.1560001373291,1,1,-1,0.0,0,0,1,0,0,1,1,0
31.0310001373291,1,1,-1,0.0,0,1,1,0,0,1,1,0
31.826000213623047,1,1,-1,0.0,0,1,0,0,2,1,1,0
35.49800109863281,1,1,1,2.0,0,2,1,0,2,1,1,2
33.7239990234375,1,1,1,0.0,0,2,0,0,2,1,1,0
35.42900085449219,1,1,1,0.0,0,2,1,0,2,1,1,0
35.83100128173828,1,1,1,0.0,0,2,0,0,2,1,1,2
36.29800033569336,1,1,1,0.0,0,2,0,0,2,1,1,0
36.85200119018555,1,1,1,0.0,0,2,0,0,2,1,1,0
34.75400161743164,1,1,1,0.0,0,2,0,0,0,1,1,0
35.45100021362305,1,1,1,0.0,0,2,0,0,2,1,1,0
37.060001373291016,1,1,1,0.0,0,2,1,0,2,1,1,2
37.20299911499024,1,1,1,0.0,0,2,0,0,2,1,1,0
38.24399948120117,1,1,1,0.0,0,2,0,0,2,1,1,0
39.43899917602539,1,1,1,0.0,0,2,0,0,2,1,1,2
39.47800064086914,1,1,1,0.0,0,2,0,0,2,1,1,0
40.27999877929688,1,1,1,0.0,0,2,0,0,2,1,1,0
41.00299835205078,1,1,1,0.0,0,2,0,0,2,1,1,0
39.637001037597656,1,1,1,0.0,0,2,0,0,2,1,1,0
40.97100067138672,1,1,1,0.0,0,2,0,0,2,1,1,0
40.70299911499024,1,1,1,0.0,0,2,0,0,2,1,1,0
40.6150016784668,1,1,1,0.0,0,2,0,0,2,1,1,0
40.650001525878906,1,1,-1,-2.0,0,2,0,0,2,1,1,0
42.91400146484375,1,1,1,2.0,0,2,1,0,2,1,1,0
44.292999267578125,1,1,1,0.0,0,2,0,0,2,1,1,2
44.70800018310547,1,1,1,0.0,0,2,0,0,2,1,1,0
45.07099914550781,1,1,1,0.0,0,2,0,0,2,1,1,0
46.249000549316406,1,1,1,0.0,0,2,0,0,2,1,1,0
46.29999923706055,1,1,1,0.0,0,2,0,0,2,1,1,0
46.198001861572266,1,1,1,0.0,0,2,0,0,2,1,1,0
43.0629997253418,1,1,-1,-2.0,0,2,0,1,0,1,1,0
43.20399856567383,1,1,-1,0.0,0,1,0,1,0,1,1,1
43.637001037597656,1,1,-1,0.0,0,2,1,1,0,1,1,0
42.9109992980957,1,1,-1,0.0,0,1,0,1,0,1,1,0
43.303001403808594,1,1,-1,0.0,0,2,0,1,0,1,1,0
45.76499938964844,1,1,-1,0.0,0,2,1,1,2,1,1,2
44.40800094604492,1,1,-1,0.0,0,2,0,1,0,1,1,0
44.33200073242188,1,1,-1,0.0,0,1,0,1,0,1,1,0
42.43899917602539,1,1,-1,0.0,0,0,0,1,0,1,1,0
42.60699844360352,1,1,-1,0.0,0,0,0,1,0,1,1,0
43.21599960327149,1,1,-1,0.0,0,0,0,1,0,1,1,0
41.94599914550781,1,1,-1,0.0,0,-1,0,1,1,1,1,0
42.78400039672852,1,1,-1,0.0,0,-1,1,1,0,1,1,0
43.02899932861328,1,1,-1,0.0,0,-1,0,1,0,1,1,0
45.13199996948242,1,1,-1,0.0,0,1,1,0,0,1,1,0
47.53200149536133,1,1,-1,0.0,0,2,1,0,2,1,1,0
48.11100006103516,1,1,1,2.0,0,2,0,0,2,1,1,0
49.5989990234375,1,1,1,0.0,0,2,1,0,2,1,1,2
48.07500076293945,1,1,1,0.0,0,2,0,0,2,1,1,0
49.31999969482422,1,1,1,0.0,0,2,0,0,2,1,1,0
46.573001861572266,1,1,1,0.0,0,1,0,1,0,1,1,0
44.56499862670898,1,1,-1,-2.0,0,1,0,1,0,1,1,1
46.00299835205078,1,1,-1,0.0,0,1,1,1,0,1,1,0
47.18399810791016,1,1,-1,0.0,0,2,0,1,0,1,1,2
46.560001373291016,1,1,-1,0.0,0,1,0,1,0,1,1,0
47.48500061035156,1,1,-1,0.0,0,2,1,0,0,1,1,0
46.90800094604492,1,1,-1,0.0,0,2,0,1,0,1,1,0
46.4010009765625,1,1,-1,0.0,0,1,0,1,0,1,1,0
47.0260009765625,1,1,-1,0.0,0,1,0,0,0,1,1,0
46.178001403808594,1,1,-1,0.0,0,0,0,0,0,1,1,0
46.66600036621094,1,1,-1,0.0,0,0,0,0,0,1,1,0
46.9900016784668,1,1,-1,0.0,0,0,0,0,0,1,1,0
48.104000091552734,1,1,-1,0.0,0,1,1,0,0,1,1,0
47.40999984741211,1,1,-1,0.0,0,0,0,0,0,1,1,0
48.56999969482422,1,1,-1,0.0,0,1,1,0,2,1,1,0
48.130001068115234,1,1,-1,0.0,0,2,1,0,0,1,1,0
50.13899993896485,1,1,1,2.0,0,2,0,0,2,1,1,0
51.5004997253418,1,1,1,0.0,0,2,0,0,2,1,1,2
46.46500015258789,1,1,-1,-2.0,0,0,0,0,0,1,1,0
44.1259994506836,1,1,-1,0.0,0,0,0,1,1,-1,1,0
42.00899887084961,1,1,-1,0.0,0,-1,0,1,1,-1,1,1
43.30400085449219,1,1,-1,0.0,0,0,1,1,1,-1,1,0
42.71099853515625,1,1,-1,0.0,0,-1,0,1,1,-1,1,0
41.86399841308594,1,1,-1,0.0,0,-1,0,1,1,-1,1,0
42.7509994506836,-1,1,-1,0.0,0,0,0,1,1,-1,1,0
44.52999877929688,-1,1,-1,0.0,0,0,1,1,0,1,1,2
44.13100051879883,-1,1,-1,0.0,0,0,0,1,0,-1,1,0
42.87699890136719,-1,-1,-1,0.0,0,-1,0,1,1,-1,1,0
43.57500076293945,-1,-1,-1,0.0,0,-1,0,1,0,-1,1,0
46.15499877929688,-1,1,-1,0.0,0,0,1,1,0,1,1,0
46.77199935913086,-1,1,1,2.0,0,0,0,1,0,1,1,2
45.72700119018555,-1,1,1,0.0,0,-1,0,1,0,1,1,0
45.31999969482422,-1,1,1,0.0,0,0,1,1,0,-1,1,0
47.31700134277344,-1,1,1,0.0,0,1,1,1,0,1,1,0
48.76300048828125,-1,1,1,0.0,0,2,1,1,2,1,1,0
49.83000183105469,1,1,1,0.0,0,2,0,1,2,1,1,0
51.87799835205078,1,1,1,0.0,0,2,1,1,2,1,1,0
55.516998291015625,1,1,1,0.0,0,2,1,1,2,1,1,0
55.64799880981445,1,1,1,0.0,0,2,0,1,2,1,1,2
57.39099884033203,1,1,1,0.0,0,2,0,1,2,1,1,0
58.525001525878906,1,1,1,0.0,0,2,0,1,2,1,1,2
59.34299850463867,1,1,1,0.0,0,2,1,1,2,1,1,0
60.55500030517578,1,1,1,0.0,0,2,0,1,2,1,1,2
61.31100082397461,1,1,1,0.0,0,2,0,1,2,1,1,0
62.66600036621094,1,1,1,0.0,0,2,0,1,2,1,1,0
65.0719985961914,1,1,1,0.0,0,2,1,1,2,1,1,0
65.39600372314453,1,1,1,0.0,0,2,0,1,2,1,1,2
60.0009994506836,1,1,1,0.0,0,2,0,1,0,1,1,0
60.5,1,1,1,0.0,0,2,0,1,0,1,1,1
61.82899856567383,1,1,1,0.0,0,2,0,1,0,1,1,0
61.229000091552734,1,1,1,0.0,0,2,0,1,0,1,1,0
62.46699905395508,1,1,-1,-2.0,0,2,0,1,0,1,1,0
60.69100189208984,1,1,-1,0.0,0,2,0,1,0,1,1,0
61.99100112915039,1,1,-1,0.0,0,2,0,1,0,1,1,0
60.83200073242188,1,1,-1,0.0,0,1,0,1,0,1,1,0
61.33599853515625,1,1,-1,0.0,0,1,0,1,0,1,1,0
59.64899826049805,1,1,-1,0.0,0,0,0,1,0,1,1,0
61.79800033569336,1,1,-1,0.0,0,1,1,1,0,1,1,0
56.64500045776367,1,1,-1,0.0,0,-1,0,1,1,1,1,0
55.91600036621094,1,1,-1,0.0,0,-1,0,1,1,1,1,1
58.608001708984375,1,1,-1,0.0,0,-1,1,1,0,1,1,0
63.242000579833984,1,1,-1,0.0,0,1,1,1,0,1,1,0
64.7300033569336,1,1,-1,0.0,0,1,0,1,2,1,1,0
81.93399810791016,1,1,1,2.0,0,2,1,1,2,1,1,0
76.13700103759766,1,1,1,0.0,0,2,0,1,2,1,1,2
70.72799682617188,1,1,1,0.0,0,1,0,1,2,1,1,1
74.2040023803711,1,1,1,0.0,0,2,1,1,2,1,1,0
74.0,1,1,1,0.0,0,2,0,1,2,1,1,2
73.47699737548828,1,1,1,0.0,0,2,0,1,2,1,1,0
74.61299896240234,1,1,1,0.0,0,2,0,1,2,1,1,0
79.50599670410156,1,1,1,0.0,0,2,1,1,2,1,1,0
77.24199676513672,1,1,1,0.0,0,2,0,1,2,1,1,2
80.59200286865234,1,1,1,0.0,0,2,1,1,2,1,1,0
82.69999694824219,1,1,1,0.0,0,2,0,1,2,1,1,0
83.96499633789062,1,1,1,0.0,0,2,0,1,2,1,1,2
84.41000366210938,1,1,1,0.0,0,2,0,1,2,1,1,0
86.22699737548828,1,1,1,0.0,0,2,0,1,2,1,1,0
87.30999755859375,1,1,1,0.0,0,1,0,1,2,1,1,0
90.10700225830078,1,1,1,0.0,0,2,1,1,2,1,1,2
89.01300048828125,1,1,1,0.0,0,2,1,1,2,1,1,0
86.69200134277344,1,1,1,0.0,0,2,0,1,0,1,1,1
88.71800231933594,1,1,1,0.0,0,2,0,1,2,1,1,0
90.37799835205078,1,1,1,0.0,0,2,0,1,2,1,1,0
91.26300048828124,1,1,1,0.0,0,2,0,1,2,1,1,2
91.5,1,1,1,0.0,0,2,0,1,2,1,1,0
88.5260009765625,1,1,-1,-2.0,0,2,0,1,0,1,1,1
91.75800323486328,1,1,-1,0.0,0,2,0,1,2,1,1,0
92.61399841308594,1,1,-1,0.0,0,2,0,1,2,1,1,2
92.24199676513672,1,1,-1,0.0,0,2,0,1,2,1,1,0
93.31300354003906,1,1,-1,0.0,0,2,0,1,2,1,1,0
93.97200012207033,1,1,-1,0.0,0,2,0,1,2,1,1,0
94.23999786376952,1,1,-1,0.0,0,2,0,1,2,1,1,0
95.1500015258789,1,1,-1,0.0,0,2,0,1,2,1,1,0
93.5530014038086,1,1,-1,0.0,0,2,0,1,2,1,1,0
97.11199951171876,1,1,-1,0.0,0,2,1,1,2,1,1,0
92.39900207519533,1,1,-1,0.0,0,1,0,1,0,1,1,0
93.177001953125,1,1,-1,0.0,0,1,0,1,0,1,1,0
83.26200103759766,1,1,-1,0.0,0,-1,0,1,1,-1,1,0
82.02899932861328,1,1,-1,0.0,0,-1,0,1,1,-1,1,1
81.80000305175781,1,1,-1,0.0,0,-1,1,1,1,-1,1,0
80.0999984741211,1,1,-1,0.0,0,-1,0,1,1,-1,1,0
77.34300231933594,1,1,-1,0.0,0,-1,0,1,1,-1,1,1
78.85399627685547,1,1,-1,0.0,0,-1,1,1,1,-1,1,0
74.06099700927734,1,1,-1,0.0,0,-1,0,1,1,-1,1,0
76.3030014038086,1,1,-1,0.0,0,-1,1,1,1,-1,1,1
79.58100128173828,-1,1,-1,0.0,0,-1,1,1,0,-1,1,2
77.92900085449219,-1,1,-1,0.0,0,-1,0,1,1,-1,1,0
80.55999755859375,-1,1,-1,0.0,0,-1,1,1,0,-1,1,0
78.54499816894531,-1,1,-1,0.0,0,-1,0,1,0,-1,1,0
77.52999877929688,-1,-1,-1,0.0,0,-1,0,1,0,-1,1,1
78.53600311279297,-1,-1,-1,0.0,0,-1,0,1,0,-1,1,0
78.06199645996094,-1,-1,-1,0.0,0,0,1,1,0,-1,1,0
81.0989990234375,-1,-1,-1,0.0,0,0,1,1,0,-1,1,0
81.3030014038086,-1,1,-1,0.0,0,0,0,1,0,-1,1,2
81.2959976196289,-1,1,1,2.0,0,1,1,1,0,-1,1,0
78.55899810791016,-1,1,1,0.0,0,1,0,1,0,-1,1,0
77.62899780273438,-1,-1,1,0.0,0,0,0,1,0,-1,1,0
75.62999725341797,-1,-1,-1,-2.0,0,1,1,1,1,-1,1,1
79.4520034790039,-1,-1,-1,0.0,0,1,0,1,0,-1,1,0
76.5989990234375,-1,-1,-1,0.0,0,0,0,1,0,-1,1,0
79.32099914550781,-1,-1,1,2.0,0,1,1,1,0,-1,1,0
83.1449966430664,-1,-1,1,0.0,0,1,0,1,2,-1,1,0
83.91500091552734,-1,1,1,0.0,0,2,1,1,2,1,1,0
85.4020004272461,-1,1,1,0.0,0,2,1,1,2,1,1,2
85.50599670410156,-1,1,1,0.0,0,2,0,1,2,1,1,0
85.23100280761719,-1,1,1,0.0,0,2,0,1,2,1,1,0
86.46099853515625,-1,1,1,0.0,0,2,0,1,2,1,1,0
86.19200134277344,-1,1,1,0.0,0,2,0,1,2,1,1,0
86.68399810791016,-1,1,1,0.0,0,2,0,1,2,1,1,0
86.4000015258789,1,1,1,0.0,0,2,1,1,2,1,1,0
86.89800262451172,1,1,1,0.0,0,2,1,1,2,1,1,0
84.44200134277344,1,1,1,0.0,0,2,0,1,0,1,1,0
84.6500015258789,1,1,1,0.0,0,2,0,1,0,1,1,1
90.33499908447266,1,1,1,0.0,0,2,1,1,2,1,1,2
84.52200317382812,1,1,1,0.0,0,2,0,1,0,1,1,0
79.10900115966797,1,1,-1,-2.0,0,0,0,1,1,1,1,0
78.10399627685547,1,1,-1,0.0,0,-1,0,1,1,-1,1,0
75.45899963378906,1,1,-1,0.0,0,-1,0,1,1,-1,1,1
80.53900146484375,-1,1,-1,0.0,0,0,1,1,0,-1,1,0
83.23400115966797,-1,1,-1,0.0,0,0,1,1,0,1,1,2
79.79100036621094,-1,-1,-1,0.0,0,0,0,1,1,-1,1,0
69.59300231933594,-1,-1,-1,0.0,0,-1,0,1,1,-1,1,0
64.01599884033203,-1,-1,-1,0.0,0,-1,0,1,1,-1,1,0
65.41699981689453,-1,-1,-1,0.0,0,-1,0,2,1,-1,1,1
67.89399719238281,-1,-1,-1,0.0,0,-1,0,2,1,1,1,0
71.93199920654297,-1,-1,-1,0.0,0,-1,1,2,0,1,1,0
72.26100158691406,-1,-1,-1,0.0,0,-1,0,2,0,1,1,0
75.6500015258789,-1,-1,-1,0.0,0,-1,0,2,0,1,1,0
75.12200164794922,-1,-1,-1,0.0,0,0,1,1,0,1,1,2
75.82599639892578,-1,-1,1,2.0,0,0,1,1,0,1,1,0
76.89199829101562,-1,-1,1,0.0,0,0,0,1,0,1,1,0
77.1510009765625,-1,-1,1,0.0,0,1,1,1,0,1,1,0
70.01000213623047,-1,-1,1,0.0,0,-1,0,1,0,1,1,0
73.32099914550781,-1,-1,1,0.0,0,-1,0,1,0,1,1,1
74.08499908447266,-1,-1,1,0.0,0,0,1,1,0,1,1,2
72.43099975585938,-1,-1,1,0.0,0,1,1,1,0,1,1,0
66.80599975585938,-1,-1,-1,-2.0,0,1,0,1,1,1,1,0
65.33799743652344,-1,-1,-1,0.0,0,0,0,1,1,1,1,1
67.12100219726562,-1,-1,-1,0.0,0,0,0,1,0,1,1,0
61.257999420166016,-1,-1,-1,0.0,0,-1,0,1,1,1,1,0
62.5880012512207,-1,-1,-1,0.0,0,-1,0,1,1,1,1,1
65.16600036621094,-1,-1,-1,0.0,0,-1,0,1,0,1,1,0
65.88400268554688,-1,-1,-1,0.0,0,-1,0,1,0,1,1,2
65.31800079345703,-1,-1,-1,0.0,0,-1,0,1,0,1,1,0
66.96299743652344,-1,-1,-1,0.0,0,-1,0,1,0,1,1,0
67.78700256347656,-1,-1,1,2.0,0,-1,0,1,0,1,1,0
69.04000091552734,-1,-1,1,0.0,0,0,1,1,0,1,1,2
69.25599670410156,-1,-1,1,0.0,0,0,0,1,0,1,1,0
70.58599853515625,-1,-1,1,0.0,0,0,0,1,0,1,1,0
72.2969970703125,-1,-1,1,0.0,0,0,1,1,0,1,1,2
71.61000061035156,-1,-1,1,0.0,0,2,1,1,0,1,1,0
73.5,-1,-1,1,0.0,0,2,1,1,2,1,1,0
71.88600158691406,-1,-1,1,0.0,0,2,0,1,0,1,1,0
69.5479965209961,-1,-1,1,0.0,0,2,1,1,0,1,1,0
68.60700225830078,-1,-1,1,0.0,0,2,0,1,0,1,1,1
70.72699737548828,-1,-1,1,0.0,0,2,0,1,0,1,1,0
70.02300262451172,-1,-1,1,0.0,0,2,0,1,0,1,1,0
72.64900207519531,-1,-1,1,0.0,0,2,1,1,2,1,1,0
74.76399993896484,-1,-1,1,0.0,0,2,0,1,2,1,1,0
74.86199951171875,-1,-1,1,0.0,0,2,0,1,2,1,1,2
74.63700103759766,-1,-1,1,0.0,0,2,0,1,2,1,1,0
74.89800262451172,-1,1,1,0.0,0,2,0,1,2,1,1,0
72.93099975585938,1,1,1,0.0,0,1,0,1,0,1,1,0
70.15599822998047,1,-1,1,0.0,0,0,0,1,0,1,1,0
66.65499877929688,1,-1,-1,-2.0,0,-1,0,1,1,1,1,0
63.91400146484375,1,-1,-1,0.0,0,-1,0,1,1,-1,1,0
61.22999954223633,-1,-1,-1,0.0,0,-1,0,1,1,-1,1,1
66.14299774169922,-1,-1,-1,0.0,0,0,1,1,1,-1,1,2
48.959999084472656,-1,-1,-1,0.0,0,-1,0,1,1,-1,1,0
51.435001373291016,-1,-1,-1,0.0,0,-1,0,1,1,-1,1,1
50.47600173950195,-1,-1,-1,0.0,0,-1,0,1,1,-1,1,0
49.34999847412109,-1,-1,-1,0.0,0,-1,0,1,1,-1,1,1
51.749000549316406,-1,-1,-1,0.0,0,-1,0,1,1,-1,1,0
50.76399993896485,-1,-1,-1,0.0,0,-1,0,1,1,-1,1,0
50.84999847412109,-1,-1,-1,0.0,0,-1,0,1,1,-1,1,0
50.90999984741211,-1,-1,-1,0.0,0,-1,0,1,1,-1,1,0
54.33000183105469,-1,-1,-1,0.0,0,-1,1,1,0,-1,1,0
53.97200012207031,-1,-1,-1,0.0,0,-1,0,1,0,-1,1,2
55.55699920654297,-1,-1,1,2.0,0,-1,1,1,0,-1,1,0
56.12900161743164,-1,-1,1,0.0,0,-1,1,1,0,-1,1,0
58.14699935913086,-1,-1,1,0.0,0,0,1,1,0,1,1,0
58.45800018310547,-1,-1,1,0.0,0,-1,0,1,0,1,1,2
58.81399917602539,-1,-1,1,0.0,0,2,1,1,0,1,1,0
58.310001373291016,-1,-1,1,0.0,0,2,0,1,0,1,1,0
58.18899917602539,-1,-1,1,0.0,0,2,1,1,0,1,1,0
56.79600143432617,-1,-1,1,0.0,0,2,0,1,0,-1,1,0
57.47499847412109,-1,-1,1,0.0,0,2,0,0,0,-1,1,0
59.98500061035156,-1,-1,1,0.0,0,2,1,1,2,1,1,0
60.48699951171875,-1,-1,1,0.0,0,2,0,1,2,1,1,2
58.52999877929688,-1,-1,1,0.0,0,2,0,1,0,1,1,0
59.027000427246094,-1,-1,1,0.0,0,2,0,1,0,1,1,0
59.98099899291992,-1,-1,1,0.0,0,2,1,1,2,1,1,0
60.15599822998047,-1,-1,1,0.0,0,2,0,1,2,1,1,0
58.57600021362305,-1,-1,1,0.0,0,1,0,1,0,1,1,0
59.02000045776367,-1,-1,1,0.0,0,1,0,1,0,1,1,0
62.13999938964844,-1,-1,1,0.0,0,2,1,1,2,1,1,2
60.880001068115234,-1,-1,1,0.0,0,1,0,1,2,1,1,0
61.2599983215332,-1,-1,1,0.0,0,1,0,1,2,1,1,0
64.5,-1,-1,1,0.0,0,2,1,1,2,1,1,0
65.38999938964844,-1,-1,1,0.0,0,2,1,1,2,1,1,0
75.87999725341797,1,1,1,0.0,0,2,1,1,2,1,1,0
76.0199966430664,1,1,1,0.0,1,2,0,1,2,1,1,0
79.88999938964844,1,1,1,0.0,1,2,0,1,2,1,1,0
79.97000122070312,1,1,1,0.0,1,2,1,1,2,1,1,2
77.36000061035156,1,1,1,0.0,1,2,0,1,2,1,1,0
76.68000030517578,1,1,1,0.0,1,2,0,1,2,1,1,1
76.62000274658203,1,1,1,0.0,0,2,0,1,2,1,1,0
76.55999755859375,1,1,1,0.0,0,2,1,1,2,1,1,0
77.63999938964844,1,1,1,0.0,0,2,0,1,2,1,1,0
76.11000061035156,1,1,1,0.0,0,2,0,1,0,1,1,0
77.94999694824219,1,1,1,0.0,0,2,1,1,0,1,1,0
77.8499984741211,1,1,1,0.0,0,2,0,1,0,1,1,0
76.5,1,1,1,0.0,0,2,0,1,0,1,1,0
73.62999725341797,1,1,-1,-2.0,0,2,0,1,0,1,1,0
71.98999786376953,1,1,-1,0.0,0,-1,0,1,0,1,1,0
70.62000274658203,1,1,-1,0.0,0,-1,0,1,0,1,1,1
70.94000244140625,1,1,-1,0.0,0,-1,0,1,0,1,1,0
73.0,1,1,-1,0.0,0,-1,1,1,0,1,1,0
74.1500015258789,1,1,-1,0.0,0,0,1,1,0,1,1,2
74.11000061035156,1,1,-1,0.0,0,0,0,1,0,1,1,0
81.1500015258789,1,1,-1,0.0,0,2,1,1,2,1,1,0
81.44999694824219,1,1,1,2.0,0,2,0,1,2,1,1,2
82.68000030517578,1,1,1,0.0,0,2,0,1,2,1,1,0
85.55999755859375,1,1,1,0.0,0,2,1,1,2,1,1,2
84.0999984741211,1,1,1,0.0,0,2,0,1,2,1,1,0
81.91000366210938,1,1,1,0.0,0,1,0,1,2,1,1,1
83.19000244140625,1,1,1,0.0,0,2,1,1,2,1,1,0
83.16000366210938,1,1,1,0.0,0,2,1,1,2,1,1,0
86.44000244140625,1,1,1,0.0,0,2,1,1,2,1,1,2
83.37999725341797,1,1,1,0.0,0,2,0,1,0,1,1,0
84.04000091552734,1,1,1,0.0,0,2,0,1,0,1,1,0
81.31999969482422,1,1,-1,-2.0,0,2,0,1,0,1,1,1
87.52999877929688,1,1,-1,0.0,0,2,1,1,2,1,1,2
82.4000015258789,1,1,-1,0.0,0,2,0,1,0,1,1,0
85.61000061035156,1,1,-1,0.0,0,1,0,1,0,1,1,0
80.91000366210938,1,1,-1,0.0,0,0,0,1,0,1,1,0
78.95999908447266,1,1,-1,0.0,0,0,0,1,0,1,1,1
79.26000213623047,1,1,-1,0.0,0,0,0,1,0,1,1,0
76.9000015258789,1,1,-1,0.0,0,0,0,1,1,1,1,0
75.79000091552734,1,1,-1,0.0,0,0,0,1,1,1,1,1
77.18000030517578,1,1,-1,0.0,0,0,0,1,1,1,1,0
79.38999938964844,1,1,-1,0.0,0,0,1,1,0,1,1,0
80.62000274658203,1,1,-1,0.0,0,0,0,1,0,1,1,2
80.05999755859375,1,1,-1,0.0,0,0,1,1,0,1,1,0
78.41999816894531,1,1,-1,0.0,0,0,0,1,0,1,1,1
80.58000183105469,1,1,-1,0.0,0,0,1,1,0,1,1,0
80.70999908447266,1,1,-1,0.0,0,-1,0,1,0,1,1,2
80.05000305175781,1,1,-1,0.0,0,0,1,1,0,1,1,0
79.51000213623047,1,1,-1,0.0,0,-1,0,1,0,1,1,0
78.0199966430664,1,1,-1,0.0,0,0,1,1,0,1,1,1
78.19999694824219,1,1,-1,0.0,0,0,1,1,0,1,1,0
75.27999877929688,1,1,-1,0.0,0,-1,0,1,1,-1,1,0
72.30000305175781,-1,1,-1,0.0,0,-1,0,1,1,-1,1,0
72.81999969482422,-1,-1,-1,0.0,0,0,1,1,1,-1,1,1
72.77999877929688,-1,-1,-1,0.0,0,-1,0,1,1,-1,1,0
71.19999694824219,-1,-1,-1,0.0,0,-1,0,1,1,-1,1,0
70.83000183105469,-1,-1,-1,0.0,0,-1,0,1,1,-1,1,0
70.81999969482422,-1,-1,-1,0.0,0,-1,0,1,1,-1,1,0
73.19999694824219,-1,-1,-1,0.0,0,-1,1,1,0,-1,1,2
72.58000183105469,-1,-1,-1,0.0,0,-1,0,1,0,-1,1,0
69.70999908447266,-1,-1,-1,0.0,0,-1,0,1,1,-1,1,1
72.13999938964844,-1,-1,-1,0.0,0,-1,1,1,0,-1,1,0
75.58000183105469,-1,-1,-1,0.0,0,0,1,1,0,-1,1,0
76.4000015258789,-1,-1,1,2.0,0,0,1,1,0,-1,1,2
76.45999908447266,-1,-1,1,0.0,0,0,0,1,0,1,1,0
75.79000091552734,-1,-1,1,0.0,0,1,1,1,0,-1,1,0
69.2699966430664,-1,-1,1,0.0,0,0,0,1,1,-1,1,0
67.80999755859375,-1,-1,-1,-2.0,0,-1,0,1,1,-1,1,1
70.30000305175781,-1,-1,-1,0.0,0,0,1,1,0,-1,1,0
70.41999816894531,-1,-1,-1,0.0,0,0,1,1,0,-1,1,2
66.02999877929688,-1,-1,-1,0.0,0,0,0,1,1,-1,1,0
67.5999984741211,-1,-1,-1,0.0,0,0,1,1,1,-1,1,1
68.29000091552734,-1,-1,-1,0.0,0,0,0,1,1,-1,1,0
70.41999816894531,-1,-1,-1,0.0,0,0,1,1,0,1,1,0
71.0,-1,-1,1,2.0,0,1,1,1,0,1,1,2
70.72000122070312,-1,-1,1,0.0,0,0,0,1,0,1,1,0
72.75,-1,-1,1,0.0,0,0,0,1,0,1,1,0
75.72000122070312,-1,-1,1,0.0,0,0,1,1,2,1,1,0
77.08999633789062,-1,-1,1,0.0,0,1,0,1,2,1,1,0
78.45999908447266,-1,-1,1,0.0,0,1,1,1,2,1,1,0
80.81999969482422,-1,1,1,0.0,0,2,1,1,2,1,1,0
81.41000366210938,-1,1,1,0.0,0,2,1,1,2,1,1,2
79.55999755859375,1,1,1,0.0,0,2,0,1,2,1,1,0
81.05999755859375,1,1,1,0.0,0,2,0,1,2,1,1,0
73.95999908447266,1,1,1,0.0,0,2,0,1,0,1,1,0
76.11000061035156,1,1,1,0.0,0,2,0,1,0,1,1,1
76.77999877929688,1,1,1,0.0,0,2,0,1,0,1,1,2
73.05000305175781,1,1,1,0.0,0,1,0,1,0,1,1,1
75.43000030517578,1,1,-1,-2.0,0,1,0,1,0,1,1,0
74.91000366210938,1,1,-1,0.0,0,1,0,1,0,1,1,0
76.48999786376953,1,1,-1,0.0,0,1,0,1,0,1,1,0
75.04000091552734,1,1,-1,0.0,0,0,0,1,0,1,1,0
76.70999908447266,1,1,-1,0.0,0,0,0,1,0,1,1,0
72.43000030517578,1,1,-1,0.0,0,0,0,1,1,1,1,0
68.55000305175781,1,-1,-1,0.0,0,-1,0,1,1,-1,1,1
88.75,1,1,1,2.0,0,1,1,1,2,1,1,0
97.08999633789062,1,1,1,0.0,0,2,1,1,2,1,1,2
88.66000366210938,1,1,1,0.0,0,1,0,1,2,1,1,0
91.5500030517578,1,1,1,0.0,1,2,1,1,2,1,1,1
100.33000183105467,1,1,1,0.0,1,2,1,1,2,1,1,0
105.4499969482422,1,1,1,0.0,1,2,0,2,2,1,1,0
111.63999938964844,1,1,1,0.0,1,2,1,2,2,1,1,0
107.5,1,1,1,0.0,1,2,0,2,2,1,1,2
105.47000122070312,1,1,1,0.0,1,2,0,2,2,1,1,1
107.79000091552734,1,1,1,0.0,1,2,0,2,2,1,1,0
103.2699966430664,1,1,1,0.0,1,2,0,2,0,1,1,0
102.73999786376952,1,1,1,0.0,0,2,0,2,0,1,1,1
106.20999908447266,1,1,1,0.0,0,2,1,2,0,1,1,2
103.9800033569336,1,1,1,0.0,0,2,0,2,0,1,1,0
107.05999755859376,1,1,1,0.0,0,2,0,2,0,1,1,0
103.41999816894533,1,1,-1,-2.0,0,1,0,2,0,1,1,0
95.22000122070312,1,1,-1,0.0,0,1,0,2,0,1,1,0
95.88999938964844,1,1,-1,0.0,0,1,0,2,0,1,1,0
89.51000213623047,1,1,-1,0.0,0,-1,0,2,0,1,1,0
89.62999725341797,1,1,-1,0.0,0,-1,0,2,1,1,1,1
95.72000122070312,1,1,-1,0.0,0,-1,0,2,0,1,1,0
97.9000015258789,1,1,-1,0.0,0,-1,1,2,0,1,1,2
94.51000213623048,1,1,-1,0.0,0,-1,0,2,0,1,1,0
94.05999755859376,1,1,-1,0.0,0,-1,0,2,1,1,1,0
92.5,1,1,-1,0.0,0,-1,0,2,1,1,1,0
88.33000183105469,1,1,-1,0.0,0,-1,0,2,1,-1,1,1
91.43000030517578,1,1,-1,0.0,0,-1,0,2,1,1,1,0
87.11000061035156,1,1,-1,0.0,0,-1,0,2,1,-1,1,0
89.98999786376953,1,1,-1,0.0,0,-1,0,2,1,1,1,0
88.04000091552734,1,1,-1,0.0,0,-1,0,2,1,-1,1,0
93.52999877929688,1,1,-1,0.0,0,0,1,1,0,1,1,0
93.48999786376952,1,1,-1,0.0,0,0,0,1,0,1,1,0
96.0500030517578,1,1,-1,0.0,0,1,1,1,0,1,1,0
97.68000030517578,1,1,1,2.0,0,2,0,1,0,1,1,2
94.79000091552734,1,1,1,0.0,0,0,0,1,0,1,1,0
92.56999969482422,1,1,-1,-2.0,0,0,0,1,0,1,1,1
94.2699966430664,1,1,-1,0.0,0,0,1,1,0,1,1,0
91.63999938964844,1,1,-1,0.0,0,0,0,1,0,1,1,0
90.11000061035156,1,1,-1,0.0,0,0,0,1,0,-1,1,0
85.36000061035156,1,1,-1,0.0,0,0,0,1,1,-1,1,0
79.63999938964844,-1,-1,-1,0.0,0,-1,0,1,1,-1,1,0
76.93000030517578,-1,-1,-1,0.0,0,-1,0,1,1,-1,1,1
78.94000244140625,-1,-1,-1,0.0,0,-1,0,1,1,-1,1,0
81.0,-1,-1,-1,0.0,0,0,1,1,1,-1,1,0
84.87999725341797,-1,-1,-1,0.0,0,-1,0,1,0,1,1,2
82.38999938964844,-1,-1,-1,0.0,0,-1,0,1,0,-1,1,0
75.76000213623047,-1,-1,-1,0.0,0,-1,0,1,1,-1,1,0
75.47000122070312,-1,-1,-1,0.0,0,-1,0,1,1,-1,1,0
71.0,-1,-1,-1,0.0,0,-1,0,1,1,-1,1,0
69.0,-1,-1,-1,0.0,0,-1,0,1,1,-1,1,0
67.7300033569336,-1,-1,-1,0.0,0,-1,0,1,1,-1,1,0
59.45000076293945,-1,-1,-1,0.0,0,-1,0,1,1,-1,1,0
65.33000183105469,-1,-1,-1,0.0,0,-1,1,2,1,-1,1,1
62.66999816894531,-1,-1,-1,0.0,0,-1,0,1,1,-1,1,2
61.459999084472656,-1,-1,-1,0.0,0,-1,0,1,1,-1,1,0
60.16999816894531,-1,-1,-1,0.0,0,-1,0,1,1,-1,1,1
63.59999847412109,-1,-1,-1,0.0,0,-1,0,1,1,-1,1,0
69.54000091552734,-1,-1,-1,0.0,0,-1,1,1,0,-1,1,0
71.08999633789062,-1,-1,1,2.0,0,-1,0,1,0,-1,1,2
70.01000213623047,-1,-1,1,0.0,0,-1,0,1,0,-1,1,0
65.83999633789062,-1,-1,1,0.0,0,-1,0,1,0,-1,1,1
73.04000091552734,-1,-1,1,0.0,0,0,1,1,0,-1,1,0
73.56999969482422,-1,-1,1,0.0,0,1,1,1,0,-1,1,0
76.48999786376953,-1,-1,1,0.0,1,1,1,1,0,1,1,0
79.94000244140625,-1,-1,1,0.0,1,2,1,1,2,1,1,0
82.13999938964844,-1,-1,1,0.0,1,2,1,1,2,1,1,2
76.30000305175781,-1,-1,1,0.0,1,2,0,1,2,1,1,0
76.51000213623047,-1,-1,1,0.0,1,2,1,1,2,1,1,1
80.5199966430664,-1,-1,1,0.0,1,2,1,1,2,1,1,0
80.91000366210938,-1,-1,1,0.0,1,2,0,1,2,1,1,2
79.41000366210938,-1,-1,1,0.0,1,2,0,1,2,1,1,0
78.05000305175781,-1,-1,1,0.0,0,2,0,1,0,1,1,0
74.80000305175781,-1,-1,1,0.0,0,1,0,1,0,1,1,0
74.12000274658203,-1,-1,1,0.0,0,1,0,1,0,1,1,1
82.81999969482422,-1,-1,1,0.0,0,2,1,1,2,1,1,0
83.62999725341797,-1,1,1,0.0,0,2,0,1,2,1,1,0
85.31999969482422,1,1,1,0.0,0,2,0,1,2,1,1,2
82.08000183105469,1,1,1,0.0,0,1,0,1,0,1,1,0
82.26000213623047,1,1,1,0.0,0,1,0,1,0,1,1,0
79.27999877929688,1,1,1,0.0,0,0,0,1,0,1,1,0
75.66000366210938,1,1,1,0.0,0,0,1,1,0,1,1,0
66.11000061035156,1,-1,-1,-2.0,0,-1,0,2,1,-1,1,0
62.34999847412109,1,-1,-1,0.0,0,-1,0,2,1,-1,1,1
66.4000015258789,1,-1,-1,0.0,0,-1,1,1,1,-1,1,0
63.02999877929688,-1,-1,-1,0.0,0,-1,0,1,1,-1,1,0
56.79999923706055,-1,-1,-1,0.0,0,-1,0,1,1,-1,1,0
52.47999954223633,-1,-1,-1,0.0,0,-1,0,2,1,-1,1,0
53.869998931884766,-1,-1,-1,0.0,0,-1,0,1,1,-1,1,1
60.310001373291016,-1,-1,-1,0.0,0,-1,0,1,1,-1,1,0
65.41000366210938,-1,-1,-1,0.0,0,-1,1,1,0,1,1,0
68.80999755859375,-1,-1,-1,0.0,0,-1,0,1,0,1,1,2
66.95999908447266,-1,-1,-1,0.0,0,-1,0,1,0,1,1,0
67.75,-1,-1,1,2.0,0,-1,0,1,0,1,1,0
66.63999938964844,-1,-1,1,0.0,0,-1,0,1,0,1,1,0
68.4000015258789,-1,-1,1,0.0,0,0,1,1,0,1,1,0
65.44999694824219,-1,-1,1,0.0,0,0,1,1,0,-1,1,0
68.88999938964844,-1,-1,1,0.0,0,1,1,1,0,1,1,0
73.33000183105469,-1,-1,1,0.0,0,1,0,1,0,1,1,0
71.62999725341797,-1,-1,1,0.0,0,1,0,1,0,1,1,2
69.25,-1,-1,1,0.0,0,2,1,1,0,-1,1,1
72.33000183105469,-1,-1,1,0.0,0,2,1,1,2,1,1,0
75.22000122070312,-1,-1,1,0.0,0,2,0,1,2,1,1,2
71.97000122070312,-1,-1,1,0.0,0,2,0,1,0,1,1,0
67.7300033569336,-1,-1,1,0.0,0,1,0,1,0,1,1,0
68.55999755859375,-1,-1,1,0.0,0,0,0,1,0,1,1,1
67.79000091552734,-1,-1,1,0.0,0,1,0,1,0,1,1,0
67.19999694824219,-1,-1,1,0.0,0,0,0,1,0,-1,1,0
65.83999633789062,-1,-1,-1,-2.0,0,0,0,1,0,-1,1,0
67.01000213623047,-1,-1,-1,0.0,0,0,0,1,0,-1,1,0
63.58000183105469,-1,-1,-1,0.0,0,0,0,1,1,-1,1,0
62.02999877929688,-1,-1,-1,0.0,0,-1,0,1,1,-1,1,1
66.88999938964844,-1,-1,-1,0.0,0,-1,0,1,0,-1,1,0
66.91999816894531,-1,-1,-1,0.0,0,0,0,1,0,1,1,2
63.470001220703125,-1,-1,-1,0.0,0,0,0,1,1,1,1,0
59.43999862670898,-1,-1,-1,0.0,0,-1,0,1,1,-1,1,1
63.02000045776367,-1,-1,-1,0.0,0,-1,0,1,1,-1,1,0
59.56999969482422,-1,-1,-1,0.0,0,-1,0,1,1,-1,1,0
57.02999877929688,-1,-1,-1,0.0,0,-1,0,1,1,-1,1,1
60.79999923706055,-1,-1,-1,0.0,0,-1,1,1,1,-1,1,0
58.91999816894531,-1,-1,-1,0.0,0,-1,0,1,1,-1,1,0
62.08000183105469,-1,-1,-1,0.0,0,0,1,1,0,-1,1,0
60.29999923706055,-1,-1,-1,0.0,0,0,0,1,0,-1,1,0
62.4900016784668,-1,-1,-1,0.0,0,0,0,1,0,-1,1,0
55.15999984741211,-1,-1,-1,0.0,0,0,0,1,1,-1,1,0
48.91999816894531,-1,-1,-1,0.0,0,-1,0,1,1,-1,1,0
44.9900016784668,-1,-1,-1,0.0,0,-1,0,1,1,-1,1,0
43.75,-1,-1,-1,0.0,0,-1,0,1,1,-1,1,1
43.34000015258789,-1,-1,-1,0.0,0,-1,0,1,1,-1,1,0
44.84000015258789,-1,-1,-1,0.0,0,-1,1,1,1,-1,1,0
51.91999816894531,-1,-1,-1,0.0,0,-1,1,1,0,-1,1,0
50.970001220703125,-1,-1,-1,0.0,0,0,0,1,0,-1,1,2
53.369998931884766,-1,-1,-1,0.0,0,0,1,1,0,-1,1,0
50.77999877929688,-1,-1,1,2.0,0,-1,0,1,0,-1,1,0
53.68000030517578,-1,-1,1,0.0,0,0,1,1,0,-1,1,0
52.63999938964844,-1,-1,1,0.0,0,-1,0,1,0,-1,1,0
52.5,-1,-1,1,0.0,0,0,0,1,0,-1,1,0
42.77999877929688,-1,-1,1,0.0,0,-1,0,1,1,-1,1,0
46.33000183105469,-1,-1,1,0.0,0,-1,1,1,0,-1,1,1
49.02999877929688,-1,-1,1,0.0,0,1,1,1,0,-1,1,0
52.4900016784668,-1,-1,1,0.0,0,1,1,1,0,-1,1,0
52.04999923706055,-1,-1,1,0.0,0,2,0,1,0,-1,1,2
51.560001373291016,-1,-1,1,0.0,0,2,0,1,0,-1,1,0
54.61000061035156,-1,-1,1,0.0,0,2,0,1,2,-1,1,2
51.150001525878906,-1,-1,1,0.0,0,0,0,1,0,-1,1,0
52.65999984741211,-1,-1,1,0.0,0,1,1,1,0,-1,1,0
53.209999084472656,-1,-1,1,0.0,0,0,0,1,0,-1,1,0
54.709999084472656,-1,-1,1,0.0,0,1,1,1,2,-1,1,2
52.5099983215332,-1,-1,1,0.0,0,0,0,1,0,-1,1,0
49.27000045776367,-1,-1,1,0.0,0,0,0,1,0,-1,1,0
45.58000183105469,-1,-1,1,0.0,0,0,0,1,1,-1,1,0
45.400001525878906,-1,-1,-1,-2.0,0,1,1,1,1,-1,1,1
48.13999938964844,-1,-1,-1,0.0,0,1,0,1,0,-1,1,2
44.22999954223633,-1,-1,-1,0.0,0,0,0,1,1,-1,1,0
46.29999923706055,-1,-1,-1,0.0,0,-1,0,1,0,-1,1,0
47.060001373291016,-1,-1,-1,0.0,0,0,0,1,0,-1,1,2
45.380001068115234,-1,-1,-1,0.0,0,-1,0,1,1,-1,1,0
47.470001220703125,-1,-1,-1,0.0,0,-1,0,1,0,-1,1,0
49.4900016784668,-1,-1,1,2.0,0,0,1,1,0,-1,1,2
47.84000015258789,-1,-1,1,0.0,0,0,0,1,0,-1,1,0
44.150001525878906,-1,-1,1,0.0,0,-1,0,1,1,-1,1,0
43.34000015258789,-1,-1,-1,-2.0,0,-1,0,1,1,-1,1,0
41.88999938964844,-1,-1,-1,0.0,0,-1,0,1,1,-1,1,1
41.65999984741211,-1,-1,-1,0.0,0,-1,1,1,1,-1,1,0
44.290000915527344,-1,-1,-1,0.0,0,0,1,1,0,-1,1,2
42.9900016784668,-1,-1,-1,0.0,0,0,0,1,1,-1,1,0
45.52999877929688,-1,-1,1,2.0,0,0,0,1,0,-1,1,0
45.630001068115234,-1,-1,1,0.0,0,1,1,1,0,-1,1,2
43.5099983215332,-1,-1,1,0.0,0,0,0,1,0,-1,1,1
45.150001525878906,-1,-1,1,0.0,0,0,0,1,0,-1,1,0
44.15999984741211,-1,-1,1,0.0,0,0,0,1,0,-1,1,0
41.209999084472656,-1,-1,1,0.0,0,-1,0,1,1,-1,1,1
43.09999847412109,-1,-1,1,0.0,0,-1,0,1,0,-1,1,0
43.619998931884766,-1,-1,1,0.0,0,0,1,1,0,-1,1,0
46.02000045776367,-1,-1,1,0.0,0,1,1,1,0,-1,1,0
49.77999877929688,-1,-1,1,0.0,0,2,1,1,2,1,1,0
50.9900016784668,-1,-1,1,0.0,0,2,1,1,2,1,1,2
47.27000045776367,-1,-1,1,0.0,0,2,0,1,0,1,1,0
46.560001373291016,-1,-1,1,0.0,0,1,0,1,0,-1,1,0
42.72999954223633,-1,-1,1,0.0,0,0,0,1,0,-1,1,1
46.630001068115234,-1,-1,1,0.0,0,1,0,1,0,-1,1,0
47.130001068115234,-1,-1,1,0.0,0,1,0,1,0,1,1,2
45.0,-1,-1,1,0.0,0,1,0,1,0,-1,1,0
45.43000030517578,-1,-1,1,0.0,0,1,0,1,0,-1,1,0
47.70000076293945,-1,-1,1,0.0,0,1,1,1,0,1,1,0
50.02999877929688,-1,-1,1,0.0,0,2,1,1,2,1,1,0
50.459999084472656,-1,-1,1,0.0,0,2,0,1,2,1,1,0
52.77999877929688,1,-1,1,0.0,0,2,0,1,2,1,1,0
54.970001220703125,1,1,1,0.0,0,2,0,1,2,1,1,2
54.5,1,1,1,0.0,0,1,0,1,2,1,1,0
74.23999786376953,1,1,1,0.0,1,2,1,1,2,1,1,0
71.58999633789062,1,1,1,0.0,1,2,0,1,2,1,1,2
74.48999786376953,1,1,1,0.0,1,2,0,1,2,1,1,0
75.41000366210938,1,1,1,0.0,1,2,1,1,2,1,1,2
73.73999786376953,1,1,1,0.0,1,2,0,1,2,1,1,0
70.16999816894531,1,1,1,0.0,1,2,0,1,2,1,1,0
69.12000274658203,1,1,1,0.0,1,2,0,1,0,1,1,0
65.69000244140625,1,1,1,0.0,0,2,0,1,0,1,1,0
63.93999862670898,1,1,1,0.0,0,2,0,1,0,1,1,0
63.38999938964844,1,1,-1,-2.0,0,2,0,1,0,1,1,1
63.900001525878906,1,1,-1,0.0,0,2,0,1,0,1,1,0
66.2300033569336,1,1,-1,0.0,0,2,0,1,0,1,1,2
63.40999984741211,1,1,-1,0.0,0,1,0,1,0,1,1,0
62.52000045776367,1,1,-1,0.0,0,1,0,1,0,1,1,1
62.81999969482422,1,1,-1,0.0,0,-1,0,1,0,1,1,0
62.70000076293945,1,1,-1,0.0,0,-1,1,1,0,1,1,0
61.88999938964844,1,1,-1,0.0,0,-1,0,1,0,-1,1,0
61.27000045776367,1,1,-1,0.0,0,-1,0,1,0,-1,1,0
60.02999877929688,1,1,-1,0.0,0,-1,0,1,1,-1,1,0
62.18000030517578,1,1,-1,0.0,0,-1,1,1,0,-1,1,0
64.38999938964844,1,1,-1,0.0,0,-1,1,1,0,1,1,0
66.87999725341797,1,1,-1,0.0,0,1,1,1,0,1,1,0
67.43000030517578,1,1,-1,0.0,0,1,1,1,0,1,1,2
63.84999847412109,1,1,-1,0.0,0,1,0,1,0,1,1,0
63.61000061035156,1,1,-1,0.0,0,0,0,1,0,-1,1,1
62.77999877929688,1,1,-1,0.0,0,0,0,1,0,-1,1,0
61.88999938964844,1,1,-1,0.0,0,0,1,1,0,-1,1,0
63.02999877929688,1,1,-1,0.0,0,1,1,1,0,-1,1,0
61.56999969482422,1,1,-1,0.0,0,0,0,1,0,-1,1,0
61.630001068115234,1,1,-1,0.0,0,0,0,1,0,-1,1,0
59.2400016784668,1,1,-1,0.0,0,0,0,1,1,-1,1,0
57.70000076293945,1,1,-1,0.0,0,0,0,1,1,-1,1,1
57.45000076293945,1,1,-1,0.0,0,0,0,1,1,-1,1,0
59.34000015258789,1,1,-1,0.0,0,0,0,1,1,-1,1,0
62.959999084472656,1,1,-1,0.0,0,0,1,1,0,-1,1,2
60.79999923706055,1,1,-1,0.0,0,-1,0,1,0,-1,1,0
59.75,1,1,-1,0.0,0,-1,0,1,0,-1,1,1
61.130001068115234,-1,1,-1,0.0,0,0,1,1,0,-1,1,0
63.65999984741211,-1,1,-1,0.0,0,1,1,1,0,-1,1,2
61.79999923706055,-1,1,1,2.0,0,0,0,1,0,-1,1,0
61.16999816894531,-1,1,-1,-2.0,0,0,0,1,0,-1,1,0
56.790000915527344,-1,1,-1,0.0,0,-1,0,1,1,-1,1,0
54.83000183105469,-1,-1,-1,0.0,0,-1,0,1,1,-1,1,0
52.5,-1,-1,-1,0.0,0,-1,0,1,1,-1,1,0
52.619998931884766,-1,-1,-1,0.0,0,-1,1,1,1,-1,1,1
52.470001220703125,-1,-1,-1,0.0,0,-1,0,1,1,-1,1,0
50.59999847412109,-1,-1,-1,0.0,0,-1,0,1,1,-1,1,1
54.61000061035156,-1,-1,-1,0.0,0,0,1,1,0,-1,1,0
56.38999938964844,-1,-1,-1,0.0,0,-1,0,1,0,-1,1,2
55.22999954223633,-1,-1,-1,0.0,0,-1,0,1,0,-1,1,0
56.47999954223633,-1,-1,-1,0.0,0,0,1,1,0,-1,1,0
56.93000030517578,-1,-1,1,2.0,0,0,0,1,0,-1,1,0
55.66999816894531,-1,-1,1,0.0,0,-1,0,1,0,-1,1,0
57.84000015258789,-1,-1,1,0.0,0,0,1,1,0,-1,1,0
55.36000061035156,-1,-1,1,0.0,0,-1,0,1,0,-1,1,0
53.7599983215332,-1,-1,1,0.0,0,0,1,1,0,-1,1,1
53.709999084472656,-1,-1,1,0.0,0,0,1,1,0,-1,1,0
53.2400016784668,-1,-1,-1,-2.0,0,1,1,1,0,-1,1,0
53.08000183105469,-1,-1,-1,0.0,0,1,0,1,0,-1,1,0
49.5,-1,-1,-1,0.0,0,0,0,1,1,-1,1,0
49.16999816894531,-1,-1,-1,0.0,0,0,1,1,1,-1,1,0
46.25,-1,-1,-1,0.0,0,-1,0,1,1,-1,1,0
43.720001220703125,-1,-1,-1,0.0,0,-1,0,1,1,-1,1,0
43.369998931884766,-1,-1,-1,0.0,0,-1,0,1,1,-1,1,0
39.88999938964844,-1,-1,-1,0.0,0,-1,0,1,1,-1,1,1
47.5099983215332,-1,-1,-1,0.0,0,-1,1,1,0,-1,1,0
48.77000045776367,-1,-1,-1,0.0,0,-1,1,1,0,-1,1,2
47.7599983215332,-1,-1,-1,0.0,0,-1,0,1,0,-1,1,0
53.560001373291016,-1,-1,1,2.0,0,0,1,1,0,-1,1,0
51.41999816894531,-1,-1,1,0.0,0,0,0,1,0,-1,1,2
50.060001373291016,-1,-1,1,0.0,0,0,0,1,0,-1,1,1
49.77000045776367,-1,-1,1,0.0,0,0,0,1,0,-1,1,0
48.31999969482422,-1,-1,1,0.0,0,0,0,1,0,-1,1,0
48.380001068115234,-1,-1,1,0.0,0,0,1,1,0,-1,1,0
49.540000915527344,-1,-1,1,0.0,0,1,0,1,0,-1,1,0
49.38999938964844,-1,-1,1,0.0,0,1,1,1,0,-1,1,0
49.0099983215332,-1,-1,1,0.0,0,1,1,1,0,-1,1,0
48.68999862670898,-1,-1,1,0.0,0,2,0,1,0,-1,1,0
52.13999938964844,-1,-1,1,0.0,0,2,1,1,2,-1,1,0
51.90999984741211,-1,-1,1,0.0,0,2,0,1,2,-1,1,0
54.4900016784668,-1,-1,1,0.0,0,2,0,1,2,-1,1,2
50.84000015258789,-1,-1,1,0.0,0,1,0,1,0,-1,1,0
47.45000076293945,-1,-1,1,0.0,0,-1,0,1,0,-1,1,0
47.77000045776367,-1,-1,1,0.0,0,0,1,1,0,-1,1,1
48.5099983215332,-1,-1,1,0.0,0,0,1,1,0,-1,1,0
47.810001373291016,-1,-1,-1,-2.0,0,0,0,1,0,-1,1,0
49.220001220703125,-1,-1,1,2.0,0,1,1,1,0,-1,1,0
51.93999862670898,-1,-1,1,0.0,0,1,1,1,0,-1,1,2
50.93999862670898,-1,-1,1,0.0,0,1,0,1,0,-1,1,0
46.77999877929688,-1,-1,1,0.0,0,0,0,1,1,-1,1,0
46.150001525878906,-1,-1,-1,-2.0,0,0,0,1,1,-1,1,0
44.130001068115234,-1,-1,-1,0.0,0,0,0,1,1,-1,1,1
46.59000015258789,-1,-1,-1,0.0,0,-1,0,1,1,-1,1,0
46.56999969482422,-1,-1,-1,0.0,0,-1,0,1,0,-1,1,2
44.900001525878906,-1,-1,-1,0.0,0,-1,0,1,1,-1,1,0
44.880001068115234,-1,-1,-1,0.0,0,-1,1,1,1,-1,1,0
43.81999969482422,-1,-1,-1,0.0,0,0,1,1,1,-1,1,0
43.31999969482422,-1,-1,-1,0.0,0,-1,0,1,1,-1,1,0
45.34000015258789,-1,-1,-1,0.0,0,0,1,1,0,-1,1,0
44.83000183105469,-1,-1,-1,0.0,0,0,0,1,0,-1,1,0
44.02000045776367,-1,-1,-1,0.0,0,-1,0,1,1,-1,1,0
44.310001373291016,-1,-1,-1,0.0,0,-1,0,1,0,-1,1,0
42.59000015258789,-1,-1,-1,0.0,0,-1,0,1,1,-1,1,0
42.290000915527344,-1,-1,-1,0.0,0,-1,1,1,1,-1,1,1
43.9900016784668,-1,-1,-1,0.0,0,0,1,1,0,-1,1,0
44.84000015258789,-1,-1,1,2.0,0,1,1,1,0,-1,1,0
47.310001373291016,-1,-1,1,0.0,0,1,0,0,0,-1,1,2
46.70000076293945,-1,-1,1,0.0,0,1,0,0,0,-1,1,0
47.02999877929688,-1,-1,1,0.0,0,1,1,0,2,-1,1,0
47.06999969482422,-1,-1,1,0.0,0,1,0,0,2,-1,1,0
45.68000030517578,-1,-1,1,0.0,0,1,0,0,0,-1,1,0
44.2599983215332,-1,-1,1,0.0,0,1,0,0,0,-1,1,1
45.56999969482422,-1,-1,1,0.0,0,1,0,0,0,-1,1,0
47.18999862670898,-1,-1,1,0.0,0,1,1,0,2,1,1,0
47.619998931884766,-1,-1,1,0.0,0,2,1,0,2,1,1,2
48.709999084472656,-1,-1,1,0.0,0,2,0,1,2,1,1,0
49.75,-1,-1,1,0.0,0,2,1,1,2,1,1,0
51.95000076293945,-1,1,1,0.0,0,2,1,1,2,1,1,2
49.220001220703125,1,1,1,0.0,0,2,0,1,2,1,1,0
50.70000076293945,1,1,1,0.0,0,2,0,1,2,1,1,0
52.310001373291016,1,1,1,0.0,0,2,0,1,2,1,1,0
57.0099983215332,1,1,1,0.0,0,2,1,1,2,1,1,2
53.09999847412109,1,1,1,0.0,0,2,0,1,2,1,1,0
52.34000015258789,1,1,1,0.0,0,2,0,1,2,1,1,1
52.70000076293945,1,1,1,0.0,0,2,1,1,2,1,1,0
51.75,1,1,1,0.0,0,2,0,1,0,1,1,0
49.880001068115234,1,1,1,0.0,0,1,0,1,0,1,1,0
48.68999862670898,1,1,-1,-2.0,0,1,0,1,0,1,1,1
48.630001068115234,1,1,-1,0.0,0,1,0,1,0,-1,1,0
49.91999816894531,1,1,-1,0.0,0,1,0,1,0,1,1,0
66.30000305175781,1,1,1,2.0,0,2,1,1,2,1,1,0
63.06999969482422,1,1,1,0.0,0,2,0,1,2,1,1,2
60.29999923706055,1,1,1,0.0,0,2,0,1,2,1,1,0
56.75,1,1,1,0.0,0,1,0,1,0,1,1,0
56.40999984741211,1,1,1,0.0,0,1,0,1,0,-1,1,1
56.25,1,1,1,0.0,0,0,0,1,0,-1,1,0
54.970001220703125,1,1,1,0.0,0,1,1,1,0,-1,1,0
55.08000183105469,1,1,-1,-2.0,0,1,0,1,0,-1,1,0
55.959999084472656,1,1,-1,0.0,0,1,0,1,0,-1,1,0
55.40999984741211,1,1,-1,0.0,0,1,0,1,0,-1,1,0
56.38999938964844,1,1,-1,0.0,0,1,1,1,0,1,1,0
57.290000915527344,1,1,-1,0.0,0,2,1,1,0,1,1,0
56.83000183105469,1,1,-1,0.0,0,2,0,1,0,1,1,0
57.63999938964844,1,1,-1,0.0,0,2,0,1,0,1,1,0
58.220001220703125,1,1,-1,0.0,0,-1,0,1,0,1,1,0
55.7599983215332,1,1,-1,0.0,0,-1,0,1,0,1,1,0
53.34999847412109,1,1,-1,0.0,0,-1,0,1,0,-1,1,1
54.25,1,1,-1,0.0,0,0,1,1,0,1,1,0
56.52999877929688,1,1,-1,0.0,0,1,1,1,0,1,1,2
55.09000015258789,1,1,-1,0.0,0,0,0,1,0,1,1,0
58.880001068115234,1,1,-1,0.0,0,2,1,1,0,1,1,0
58.5099983215332,1,1,-1,0.0,0,1,0,1,2,-1,1,2
56.84000015258789,1,1,-1,0.0,0,1,0,1,0,-1,1,1
59.2400016784668,1,1,1,2.0,0,1,1,1,2,-1,1,0
57.88999938964844,1,1,-1,-2.0,0,1,0,1,0,-1,1,0
60.18999862670898,1,1,1,2.0,0,1,0,1,2,1,1,0
60.45000076293945,1,1,1,0.0,0,1,0,1,2,1,1,2
59.900001525878906,1,1,1,0.0,0,1,0,1,2,-1,1,0
58.2400016784668,1,1,1,0.0,0,1,0,1,0,-1,1,1
59.84000015258789,1,1,1,0.0,0,1,1,1,2,-1,1,0
60.09000015258789,1,1,1,0.0,0,2,1,1,2,1,1,0
60.90999984741211,1,1,1,0.0,0,2,0,1,2,1,1,0
60.459999084472656,1,1,1,0.0,0,2,0,1,2,1,1,0
60.58000183105469,1,1,1,0.0,0,2,1,1,2,1,1,0
58.63999938964844,1,1,-1,-2.0,0,0,0,1,0,1,1,0
60.84999847412109,1,1,-1,0.0,0,1,1,1,2,1,1,0
61.52000045776367,1,1,-1,0.0,0,2,1,1,2,1,1,2
61.5099983215332,1,1,1,2.0,0,1,0,1,2,1,1,0
60.02000045776367,1,1,-1,-2.0,0,1,0,1,0,1,1,0
61.33000183105469,1,1,-1,0.0,0,1,0,0,2,1,1,0
60.68999862670898,1,1,-1,0.0,0,1,0,0,0,1,1,0
61.20000076293945,1,1,-1,0.0,0,1,1,0,0,1,1,0
62.119998931884766,1,1,-1,0.0,0,2,1,0,2,1,1,0
61.61000061035156,1,1,-1,0.0,0,1,0,0,2,1,1,0
62.220001220703125,1,1,-1,0.0,0,1,0,0,2,1,1,0
62.18999862670898,1,1,-1,0.0,0,1,0,0,2,1,1,0
61.459999084472656,1,1,-1,0.0,0,1,0,0,0,1,1,0
59.369998931884766,1,1,-1,0.0,0,0,0,1,1,-1,1,1
60.0,1,1,-1,0.0,0,1,1,1,0,1,1,0
64.22000122070312,1,1,-1,0.0,0,2,1,1,2,1,1,0
64.33999633789062,1,1,1,2.0,0,2,0,1,2,1,1,2
62.93999862670898,1,1,1,0.0,0,1,0,1,2,1,1,0
62.58000183105469,1,1,1,0.0,0,1,1,1,0,1,1,0
62.5099983215332,1,1,-1,-2.0,0,1,0,1,0,-1,1,0
61.43999862670898,1,1,-1,0.0,0,1,0,1,0,-1,1,0
62.70000076293945,1,1,-1,0.0,0,1,0,1,0,-1,1,0
64.66999816894531,1,1,1,2.0,0,1,1,1,2,1,1,2
64.12000274658203,1,1,1,0.0,0,1,0,1,2,-1,1,0
64.97000122070312,1,1,1,0.0,0,1,0,1,2,1,1,0
64.52999877929688,1,1,1,0.0,0,1,0,1,2,-1,1,0
62.29999923706055,1,1,-1,-2.0,0,1,0,1,0,-1,1,1
63.97999954223633,1,1,-1,0.0,0,2,1,1,0,-1,1,0
64.13999938964844,1,1,-1,0.0,0,2,0,1,0,-1,1,0
66.16000366210938,1,1,1,2.0,0,1,0,1,2,-1,1,0
67.5199966430664,1,1,1,0.0,0,2,1,1,2,1,1,2
66.81999969482422,1,1,1,0.0,0,2,0,1,2,-1,1,0
68.5199966430664,1,1,1,0.0,0,2,1,1,2,1,1,0
66.81999969482422,1,1,1,0.0,0,2,0,1,2,-1,1,0
66.30000305175781,1,1,1,0.0,0,2,0,1,0,-1,1,1
66.26000213623047,1,1,1,0.0,0,2,0,1,0,-1,1,0
67.66999816894531,1,1,1,0.0,0,1,0,1,2,-1,1,0
69.9800033569336,1,1,1,0.0,0,2,1,1,2,1,1,0
70.08000183105469,1,1,1,0.0,0,2,0,1,2,1,1,0
73.26000213623047,1,1,1,0.0,0,2,1,1,2,1,1,0
74.23999786376953,1,1,1,0.0,0,2,1,1,2,1,1,0
75.37000274658203,1,1,1,0.0,0,2,0,1,2,1,1,2
74.87999725341797,1,1,1,0.0,0,2,0,1,2,1,1,0
73.66000366210938,1,1,1,0.0,0,2,0,1,2,1,1,0
74.54000091552734,1,1,1,0.0,0,2,0,1,2,1,1,0
74.58000183105469,1,1,1,0.0,0,2,1,1,2,1,1,0
75.4800033569336,1,1,1,0.0,0,2,0,1,2,1,1,0
77.5199966430664,1,1,1,0.0,0,2,1,1,2,1,1,2
76.80999755859375,1,1,1,0.0,0,2,0,1,2,1,1,0
77.2699966430664,1,1,1,0.0,0,2,0,1,2,1,1,0
76.43000030517578,1,1,1,0.0,0,2,0,1,2,1,1,0
75.68000030517578,1,1,1,0.0,0,2,0,1,0,1,1,0
76.45999908447266,1,1,-1,-2.0,0,2,0,1,0,1,1,0
76.80000305175781,1,1,-1,0.0,0,2,0,1,0,1,1,0
76.23999786376953,1,1,-1,0.0,0,1,0,1,0,1,1,0
75.2300033569336,1,1,-1,0.0,0,0,0,0,0,1,1,0
76.7699966430664,1,1,-1,0.0,0,1,1,0,0,1,1,0
78.25,1,1,-1,0.0,0,2,1,0,2,1,1,2
77.37000274658203,1,1,-1,0.0,0,2,0,0,2,1,1,0
77.22000122070312,1,1,-1,0.0,0,2,0,0,0,1,1,0
77.44999694824219,1,1,-1,0.0,0,1,0,0,2,1,1,0
77.16999816894531,1,1,-1,0.0,0,0,0,0,0,-1,1,0
75.3499984741211,1,1,-1,0.0,0,0,0,0,0,-1,1,1
75.80000305175781,1,1,-1,0.0,0,0,0,0,0,-1,1,0
75.91000366210938,1,1,-1,0.0,0,0,1,0,0,1,1,0
82.69000244140625,1,1,-1,0.0,0,2,1,1,2,1,1,0
84.51000213623047,1,1,1,2.0,0,2,0,1,2,1,1,0
87.01000213623047,1,1,1,0.0,0,2,0,1,2,1,1,0
88.0,1,1,1,0.0,0,2,1,1,2,1,1,0
90.69000244140624,1,1,1,0.0,0,2,1,1,2,1,1,2
88.52999877929688,1,1,1,0.0,0,2,0,1,2,1,1,0
88.30999755859375,1,1,1,0.0,0,2,0,1,2,1,1,0
84.4000015258789,1,1,1,0.0,0,2,0,1,0,1,1,0
84.16000366210938,1,1,1,0.0,0,2,0,1,0,1,1,0
82.06999969482422,1,1,-1,-2.0,0,1,0,1,0,1,1,1
83.2300033569336,1,1,-1,0.0,0,2,0,1,0,1,1,0
84.58999633789062,1,1,-1,0.0,0,2,1,1,0,1,1,0
85.37999725341797,1,1,-1,0.0,0,2,0,1,0,1,1,0
90.4499969482422,1,1,-1,0.0,0,2,1,1,2,1,1,0
91.26000213623048,1,1,1,2.0,0,2,0,1,2,1,1,2
90.05000305175781,1,1,1,0.0,0,2,0,1,2,1,1,0
86.63999938964844,1,1,-1,-2.0,0,0,0,1,0,1,1,0
84.76000213623047,1,1,-1,0.0,0,0,0,1,0,1,1,1
84.83999633789062,1,1,-1,0.0,0,-1,0,1,0,1,1,0
85.80000305175781,1,1,-1,0.0,0,0,1,1,0,1,1,0
85.30000305175781,1,1,-1,0.0,0,0,0,1,0,1,1,0
80.93000030517578,1,1,-1,0.0,0,0,0,1,1,1,1,0
77.08999633789062,1,1,-1,0.0,0,-1,0,1,1,-1,1,0
74.62000274658203,1,1,-1,0.0,0,-1,0,1,1,-1,1,1
75.26000213623047,1,1,-1,0.0,0,-1,0,1,1,-1,1,0
73.69000244140625,1,1,-1,0.0,0,-1,0,1,1,-1,1,0
72.73999786376953,-1,-1,-1,0.0,0,-1,0,1,1,-1,1,0
71.19000244140625,-1,-1,-1,0.0,0,-1,0,1,1,-1,1,1
72.18000030517578,-1,-1,-1,0.0,0,-1,0,1,1,-1,1,0
73.33999633789062,-1,-1,-1,0.0,0,-1,1,1,1,-1,1,0
74.58999633789062,-1,-1,-1,0.0,0,-1,1,1,0,-1,1,0
77.66999816894531,-1,-1,-1,0.0,0,-1,1,1,0,1,1,2
74.51000213623047,-1,-1,-1,0.0,0,-1,0,1,0,-1,1,0
75.91000366210938,-1,-1,-1,0.0,0,-1,0,1,0,1,1,0
76.20999908447266,-1,-1,-1,0.0,0,-1,0,1,0,1,1,0
78.80000305175781,-1,-1,1,2.0,0,0,1,1,0,1,1,0
80.27999877929688,-1,-1,1,0.0,0,1,1,1,0,1,1,2
80.02999877929688,-1,-1,1,0.0,0,2,1,1,0,1,1,0
79.93000030517578,-1,-1,1,0.0,0,2,0,1,0,-1,1,0
81.41999816894531,-1,1,1,0.0,0,2,1,1,2,1,1,0
83.47000122070312,-1,1,1,0.0,0,2,1,1,2,1,1,0
84.30999755859375,-1,1,1,0.0,0,2,1,1,2,1,1,2
83.88999938964844,-1,1,1,0.0,0,2,0,1,2,1,1,0
86.52999877929688,1,1,1,0.0,0,2,0,1,2,1,1,2
85.80000305175781,1,1,1,0.0,0,2,0,1,2,1,1,0
85.33000183105469,1,1,1,0.0,0,2,0,1,2,1,1,0
85.37000274658203,1,1,1,0.0,0,2,1,1,2,1,1,0
83.37999725341797,1,1,1,0.0,0,2,0,1,0,1,1,0
80.70999908447266,1,1,1,0.0,0,2,0,1,0,-1,1,0
79.05999755859375,1,1,-1,-2.0,0,1,0,1,0,-1,1,0
78.29000091552734,1,1,-1,0.0,0,0,0,1,0,-1,1,0
75.72000122070312,1,1,-1,0.0,0,-1,0,1,1,-1,1,1
76.3499984741211,1,1,-1,0.0,0,0,0,1,1,-1,1,0
75.0999984741211,-1,-1,-1,0.0,0,-1,0,1,1,-1,1,0
74.37000274658203,-1,-1,-1,0.0,0,-1,0,1,1,-1,1,0
75.43000030517578,-1,-1,-1,0.0,0,-1,0,1,1,-1,1,0
77.69000244140625,-1,-1,-1,0.0,0,-1,1,1,0,-1,1,0
78.1500015258789,-1,-1,-1,0.0,0,-1,0,1,0,-1,1,2
78.30999755859375,-1,-1,-1,0.0,0,-1,0,1,0,1,1,0
76.4000015258789,-1,-1,-1,0.0,0,-1,0,1,0,-1,1,0
79.37000274658203,-1,-1,-1,0.0,0,-1,1,1,0,1,1,0
78.16000366210938,-1,-1,-1,0.0,0,-1,0,1,0,-1,1,0
82.1500015258789,-1,-1,1,2.0,0,1,1,1,0,1,1,0
83.95999908447266,-1,1,1,0.0,0,2,1,1,2,1,1,0
85.16000366210938,-1,1,1,0.0,0,2,1,1,2,1,1,2
84.7699966430664,1,1,1,0.0,0,2,1,1,2,1,1,0
84.48999786376953,1,1,1,0.0,0,2,0,1,2,1,1,0
80.23999786376953,1,1,1,0.0,0,2,0,1,0,-1,1,0
80.87000274658203,1,1,1,0.0,0,2,1,1,0,1,1,1
79.58999633789062,1,1,1,0.0,0,1,0,1,0,-1,1,0
76.7699966430664,1,1,-1,-2.0,0,0,0,1,0,-1,1,0
75.87000274658203,1,-1,-1,0.0,0,0,0,1,0,-1,1,0
74.05999755859375,1,-1,-1,0.0,0,0,0,1,1,-1,1,0
73.63999938964844,1,-1,-1,0.0,0,0,0,1,1,-1,1,1
76.5199966430664,-1,-1,-1,0.0,0,0,0,1,0,-1,1,2
71.66999816894531,-1,-1,-1,0.0,0,-1,0,1,1,-1,1,0
66.22000122070312,-1,-1,-1,0.0,0,-1,0,1,1,-1,1,0
66.86000061035156,-1,-1,-1,0.0,0,-1,0,1,1,-1,1,1
67.94999694824219,-1,-1,-1,0.0,0,-1,0,1,1,-1,1,0
70.95999908447266,-1,-1,-1,0.0,0,-1,1,1,1,-1,1,0
70.76000213623047,-1,-1,-1,0.0,0,-1,0,1,0,-1,1,0
75.68000030517578,-1,-1,-1,0.0,0,0,1,1,0,-1,1,0
79.08000183105469,-1,-1,1,2.0,0,0,1,1,0,1,1,2
77.47000122070312,-1,-1,1,0.0,0,0,0,1,0,-1,1,0
77.69999694824219,-1,-1,1,0.0,0,1,1,1,0,1,1,0
78.83999633789062,-1,-1,1,0.0,0,1,1,1,0,1,1,0
76.80999755859375,-1,-1,1,0.0,0,1,0,1,0,-1,1,0
64.01000213623047,-1,-1,-1,-2.0,0,-1,0,1,1,-1,1,0
63.459999084472656,-1,-1,-1,0.0,0,-1,0,1,1,-1,1,1
67.62999725341797,-1,-1,-1,0.0,0,0,1,1,0,-1,1,0
68.05000305175781,-1,-1,-1,0.0,0,1,1,1,0,-1,1,2
66.30000305175781,-1,-1,-1,0.0,0,0,0,1,1,-1,1,0
66.47000122070312,-1,-1,-1,0.0,0,0,0,1,0,-1,1,0
67.29000091552734,-1,-1,-1,0.0,0,0,0,1,0,-1,1,0
65.8499984741211,-1,-1,-1,0.0,0,0,0,1,0,-1,1,0
66.83000183105469,-1,-1,-1,0.0,0,-1,0,1,0,-1,1,0
67.2699966430664,-1,-1,-1,0.0,0,-1,0,1,0,-1,1,0
69.19000244140625,-1,-1,1,2.0,0,-1,1,1,0,-1,1,2
69.02999877929688,-1,-1,1,0.0,0,-1,0,1,0,-1,1,0
70.37000274658203,-1,-1,1,0.0,0,-1,0,1,0,-1,1,0
70.45999908447266,-1,-1,1,0.0,0,-1,0,1,0,1,1,0
71.5999984741211,-1,-1,1,0.0,0,2,1,1,0,1,1,0
68.76000213623047,-1,-1,1,0.0,0,2,0,1,0,1,1,0
68.33000183105469,-1,-1,1,0.0,0,1,0,1,0,-1,1,1
68.30999755859375,-1,-1,1,0.0,0,1,0,1,0,-1,1,0
68.77999877929688,-1,-1,1,0.0,0,2,1,0,0,-1,1,0
70.62999725341797,-1,-1,1,0.0,0,2,1,1,2,1,1,0
71.62999725341797,-1,-1,1,0.0,0,2,0,1,2,1,1,2
71.3499984741211,-1,-1,1,0.0,0,2,1,1,2,1,1,0
74.01000213623047,-1,-1,1,0.0,0,2,1,1,2,1,1,0
76.08000183105469,-1,-1,1,0.0,0,2,0,1,2,1,1,2
74.88999938964844,-1,-1,1,0.0,0,2,0,1,2,1,1,0
75.62999725341797,-1,1,1,0.0,0,2,0,1,2,1,1,0
77.6500015258789,1,1,1,0.0,0,2,0,1,2,1,1,2
75.47000122070312,1,1,1,0.0,0,2,0,1,2,1,1,0
76.37999725341797,1,1,1,0.0,0,2,0,1,2,1,1,0
73.43000030517578,1,1,1,0.0,0,2,0,1,0,-1,1,0
73.58999633789062,1,1,1,0.0,0,2,0,1,0,1,1,1
74.08000183105469,1,1,1,0.0,0,2,0,1,0,1,1,0
73.4000015258789,1,1,1,0.0,0,2,0,1,0,1,1,0
71.95999908447266,1,1,-1,-2.0,0,1,0,1,0,-1,1,0
70.58999633789062,1,1,-1,0.0,0,0,0,1,0,-1,1,0
69.31999969482422,1,-1,-1,0.0,0,0,0,1,1,-1,1,0
68.4000015258789,1,-1,-1,0.0,0,-1,0,0,1,-1,1,1
67.63999938964844,1,-1,-1,0.0,0,-1,0,0,1,-1,1,0
68.98999786376953,1,-1,-1,0.0,0,-1,1,0,1,-1,1,0
68.44999694824219,-1,-1,-1,0.0,0,-1,0,0,1,-1,1,0
68.4800033569336,-1,-1,-1,0.0,0,-1,0,0,1,-1,1,0
68.08000183105469,-1,-1,-1,0.0,0,-1,0,0,1,-1,1,0
66.95999908447266,-1,-1,-1,0.0,0,-1,0,0,1,-1,1,0
63.7599983215332,-1,-1,-1,0.0,0,-1,0,0,1,-1,1,0
64.5,-1,-1,-1,0.0,0,-1,1,0,1,-1,1,1
65.05000305175781,-1,-1,-1,0.0,0,-1,0,1,1,-1,1,0
66.8499984741211,-1,-1,-1,0.0,0,-1,1,1,0,-1,1,0
69.38999938964844,-1,-1,-1,0.0,0,0,1,1,0,1,1,0
70.18000030517578,-1,-1,1,2.0,0,0,1,1,0,1,1,2
69.6500015258789,-1,-1,1,0.0,0,1,0,1,0,1,1,0
69.12000274658203,-1,-1,1,0.0,0,1,0,1,0,-1,1,0
68.01000213623047,-1,-1,1,0.0,0,1,0,1,0,-1,1,0
71.51000213623047,-1,-1,1,0.0,0,1,1,1,2,-1,1,2
69.27999877929688,-1,-1,1,0.0,0,1,0,1,0,-1,1,0
68.43000030517578,-1,-1,1,0.0,0,0,0,1,0,-1,1,0
67.20999908447266,-1,-1,1,0.0,0,0,0,1,0,-1,1,1
70.0,-1,-1,1,0.0,0,1,1,1,0,-1,1,0
67.5,-1,-1,1,0.0,0,1,0,1,0,-1,1,0
68.5999984741211,-1,-1,1,0.0,0,1,0,1,0,-1,1,0
69.5999984741211,-1,-1,1,0.0,0,2,0,1,0,-1,1,2
70.16999816894531,-1,-1,1,0.0,0,1,0,1,0,1,1,0
71.30999755859375,-1,-1,1,0.0,0,1,0,1,2,1,1,0
73.91000366210938,-1,1,1,0.0,0,1,1,1,2,1,1,2
72.94000244140625,-1,1,1,0.0,0,1,0,1,2,1,1,0
74.30999755859375,1,1,1,0.0,0,2,1,1,2,1,1,0
75.70999908447266,1,1,1,0.0,0,2,1,1,2,1,1,0
88.93000030517578,1,1,1,0.0,0,2,1,1,2,1,1,0
82.55999755859375,1,1,1,0.0,1,2,0,1,2,1,1,2
82.08000183105469,1,1,1,0.0,0,2,0,1,2,1,1,1
83.5,1,1,1,0.0,0,2,1,1,2,1,1,0
81.44000244140625,1,1,1,0.0,0,2,0,1,2,1,1,0
82.19000244140625,1,1,1,0.0,0,2,1,1,2,1,1,0
85.5999984741211,1,1,1,0.0,0,2,0,1,2,1,1,0
84.9000015258789,1,1,1,0.0,0,2,0,1,2,1,1,2
85.43000030517578,1,1,1,0.0,0,2,0,1,2,1,1,0
83.88999938964844,1,1,1,0.0,0,2,0,1,0,1,1,0
83.44999694824219,1,1,1,0.0,0,2,0,1,0,1,1,0
81.44999694824219,1,1,-1,-2.0,0,2,0,1,0,1,1,1
82.18000030517578,1,1,-1,0.0,0,2,0,1,0,1,1,0
81.83000183105469,1,1,-1,0.0,0,1,0,1,0,1,1,0
81.58999633789062,1,1,-1,0.0,0,-1,0,1,0,1,1,0
81.44999694824219,1,1,-1,0.0,0,0,1,1,0,1,1,0
80.43000030517578,1,1,-1,0.0,0,0,0,1,0,-1,1,0
80.16000366210938,1,1,-1,0.0,0,-1,0,1,0,-1,1,0
77.52999877929688,1,1,-1,0.0,0,-1,0,1,1,-1,1,0
76.72000122070312,1,1,-1,0.0,0,-1,0,1,1,-1,1,1
78.3499984741211,1,1,-1,0.0,0,-1,0,0,1,-1,1,0
79.76000213623047,1,1,-1,0.0,0,-1,1,0,0,-1,1,0
83.47000122070312,1,1,-1,0.0,0,0,1,1,0,1,1,0
85.05999755859375,1,1,-1,0.0,0,1,1,1,2,1,1,2
85.05999755859375,1,1,1,2.0,0,1,0,1,2,1,1,0
87.55000305175781,1,1,1,0.0,0,2,1,1,2,1,1,2
87.05000305175781,1,1,1,0.0,0,2,0,1,2,1,1,0
87.20999908447266,1,1,1,0.0,0,2,0,1,2,1,1,0
87.41999816894531,1,1,1,0.0,0,2,0,1,2,1,1,0
87.30999755859375,1,1,1,0.0,0,2,0,1,2,1,1,0
87.08999633789062,1,1,1,0.0,0,2,1,1,2,1,1,0
86.94000244140625,1,1,1,0.0,0,2,0,1,2,1,1,0
84.55999755859375,1,1,-1,-2.0,0,2,0,1,0,-1,1,1
85.83000183105469,1,1,-1,0.0,0,2,1,1,0,-1,1,0
86.68000030517578,1,1,-1,0.0,0,2,0,1,0,1,1,2
86.83999633789062,1,1,-1,0.0,0,2,0,1,0,1,1,0
86.44000244140625,1,1,-1,0.0,0,2,0,1,0,-1,1,0
87.69999694824219,1,1,-1,0.0,0,2,0,1,0,1,1,0
86.37000274658203,1,1,-1,0.0,0,1,0,1,0,-1,1,0
80.98999786376953,1,1,-1,0.0,0,-1,0,1,1,-1,1,0
82.12999725341797,1,1,-1,0.0,0,-1,1,1,1,-1,1,1
80.12999725341797,1,1,-1,0.0,0,-1,0,1,1,-1,1,0
80.80999755859375,1,1,-1,0.0,0,-1,0,1,1,-1,1,0
77.30000305175781,1,1,-1,0.0,0,-1,0,1,1,-1,1,0
77.83999633789062,1,1,-1,0.0,0,-1,0,1,1,-1,1,1
81.06999969482422,-1,1,-1,0.0,0,-1,1,1,0,1,1,0
83.79000091552734,-1,1,-1,0.0,0,0,1,1,0,1,1,0
83.33999633789062,-1,1,-1,0.0,0,0,0,1,0,1,1,2
84.7300033569336,-1,1,-1,0.0,0,0,0,1,0,1,1,0
84.5,-1,1,1,2.0,0,0,0,1,0,1,1,0
82.8499984741211,-1,1,1,0.0,0,0,0,1,0,1,1,0
85.41000366210938,-1,1,1,0.0,0,0,0,1,0,1,1,0
88.12000274658203,-1,1,1,0.0,0,1,1,1,2,1,1,0
88.58999633789062,1,1,1,0.0,0,2,1,1,2,1,1,0
91.36000061035156,1,1,1,0.0,0,2,0,1,2,1,1,2
89.63999938964844,1,1,1,0.0,0,2,0,1,2,1,1,0
86.0199966430664,1,1,1,0.0,0,1,0,1,0,1,1,1
88.66999816894531,1,1,1,0.0,0,2,1,1,2,1,1,0
87.26000213623047,1,1,1,0.0,0,2,0,1,0,1,1,0
87.52999877929688,1,1,1,0.0,0,2,0,1,0,1,1,0
86.18000030517578,1,1,1,0.0,0,1,0,1,0,1,1,0
90.25,1,1,1,0.0,0,2,1,1,2,1,1,0
93.19000244140624,1,1,1,0.0,0,2,0,1,2,1,1,0
94.77999877929688,1,1,1,0.0,0,2,0,1,2,1,1,0
97.5,1,1,1,0.0,0,2,1,1,2,1,1,2
95.6500015258789,1,1,1,0.0,0,2,0,1,2,1,1,0
95.31999969482422,1,1,1,0.0,0,2,0,1,2,1,1,0
92.51000213623048,1,1,1,0.0,0,1,0,1,0,1,1,1
94.75,1,1,1,0.0,0,1,0,1,2,1,1,0
95.08999633789062,1,1,1,0.0,0,1,1,1,2,1,1,2
95.4499969482422,1,1,1,0.0,0,2,1,1,2,1,1,0
93.70999908447266,1,1,1,0.0,0,2,0,1,0,1,1,0
92.77999877929688,1,1,-1,-2.0,0,2,0,1,0,1,1,1
93.11000061035156,1,1,-1,0.0,0,2,0,1,0,1,1,0
94.4800033569336,1,1,-1,0.0,0,2,1,1,0,1,1,0
97.41000366210938,1,1,-1,0.0,0,2,0,1,2,1,1,0
97.19000244140624,1,1,1,2.0,0,2,0,1,2,1,1,2
94.16999816894533,1,1,-1,-2.0,0,0,0,1,0,1,1,0
92.6500015258789,1,1,-1,0.0,0,-1,0,1,0,1,1,1
92.19000244140624,1,1,-1,0.0,0,0,0,1,0,-1,1,0
97.45999908447266,1,1,-1,0.0,0,1,1,1,2,1,1,0
95.62000274658205,1,1,-1,0.0,0,1,0,1,0,-1,1,2
95.66000366210938,1,1,-1,0.0,0,1,0,1,0,1,1,0
97.68000030517578,1,1,-1,0.0,0,1,1,1,2,1,1,0
99.25,1,1,1,2.0,0,1,0,1,2,1,1,2
97.27999877929688,1,1,1,0.0,0,1,0,1,2,1,1,0
97.70999908447266,1,1,1,0.0,0,2,1,1,2,1,1,0
95.76000213623048,1,1,-1,-2.0,0,1,0,1,0,1,1,0
97.7300033569336,1,1,-1,0.0,0,1,0,1,2,1,1,0
97.70999908447266,1,1,-1,0.0,0,1,0,1,0,1,1,0
98.22000122070312,1,1,-1,0.0,0,1,0,1,2,1,1,0
97.66999816894533,1,1,-1,0.0,0,1,1,1,0,-1,1,0
97.97000122070312,1,1,-1,0.0,0,2,1,1,0,1,1,0
98.33999633789062,1,1,-1,0.0,0,2,0,1,0,1,1,0
99.47000122070312,1,1,-1,0.0,0,1,0,1,2,1,1,0
99.9000015258789,1,1,-1,0.0,0,2,1,1,2,1,1,0
99.08000183105467,1,1,-1,0.0,0,2,0,1,0,1,1,0
101.5199966430664,1,1,1,2.0,0,2,0,1,2,1,1,0
99.81999969482422,1,1,1,0.0,0,1,0,1,2,1,1,0
98.56999969482422,1,1,-1,-2.0,0,1,0,1,0,-1,1,1
99.4800033569336,1,1,-1,0.0,0,1,0,1,0,1,1,0
100.08999633789062,1,1,-1,0.0,0,2,1,1,2,1,1,0
100.9499969482422,1,1,-1,0.0,0,2,0,1,2,1,1,0
95.23999786376952,1,1,-1,0.0,0,0,0,1,1,1,1,0
95.72000122070312,1,1,-1,0.0,0,0,0,1,1,1,1,1
96.01000213623048,1,1,-1,0.0,0,0,0,1,1,1,1,0
100.44000244140624,1,1,-1,0.0,0,1,1,1,2,1,1,0
100.9000015258789,1,1,-1,0.0,0,1,0,1,2,1,1,2
89.31999969482422,1,1,-1,0.0,0,-1,0,1,1,1,1,0
90.87999725341795,1,1,-1,0.0,0,-1,0,1,1,1,1,1
92.43000030517578,-1,1,-1,0.0,0,0,1,1,1,1,1,2
92.20999908447266,-1,-1,-1,0.0,0,-1,0,1,1,1,1,0
89.83999633789062,-1,-1,-1,0.0,0,-1,0,1,1,1,1,0
89.87999725341797,-1,-1,-1,0.0,0,-1,0,1,1,1,1,0
87.75,-1,-1,-1,0.0,0,-1,0,1,1,1,1,0
83.08000183105469,-1,-1,-1,0.0,0,-1,0,1,1,-1,1,0
83.22000122070312,-1,-1,-1,0.0,0,-1,0,1,1,1,1,1
84.79000091552734,-1,-1,-1,0.0,0,-1,1,1,1,1,1,0
84.91000366210938,-1,-1,-1,0.0,0,-1,0,1,1,1,1,0
88.2699966430664,-1,-1,-1,0.0,0,-1,1,1,0,1,1,0
99.3000030517578,-1,-1,1,2.0,0,0,1,1,2,1,1,0
97.04000091552734,-1,-1,1,0.0,0,0,0,1,0,1,1,2
98.31999969482422,-1,-1,1,0.0,0,2,1,1,2,1,1,0
98.69000244140624,-1,1,1,0.0,0,2,0,1,2,1,1,0
100.5,-1,1,1,0.0,0,2,0,1,2,1,1,0
101.43000030517578,-1,1,1,0.0,0,2,0,1,2,1,1,0
102.63999938964844,-1,1,1,0.0,1,2,1,1,2,1,1,2
102.13999938964844,1,1,1,0.0,0,2,0,1,2,1,1,0
104.36000061035156,1,1,1,0.0,0,2,1,1,2,1,1,0
103.16999816894533,1,1,1,0.0,0,2,1,1,2,1,1,0
105.0,1,1,1,0.0,0,2,0,1,2,1,1,0
103.97000122070312,1,1,1,0.0,0,2,0,1,2,1,1,0
103.91999816894533,1,1,1,0.0,0,2,0,1,0,1,1,0
102.18000030517578,1,1,1,0.0,0,2,0,1,0,1,1,0
103.51000213623048,1,1,1,0.0,0,2,0,1,0,1,1,0
104.52999877929688,1,1,1,0.0,0,2,1,1,0,1,1,2
100.97000122070312,1,1,1,0.0,0,1,0,1,0,1,1,0
101.3499984741211,1,1,-1,-2.0,0,1,0,1,0,1,1,1
103.54000091552734,1,1,-1,0.0,0,1,0,1,0,1,1,2
100.30999755859376,1,1,-1,0.0,0,0,0,1,0,1,1,0
99.31999969482422,1,1,-1,0.0,0,0,0,1,1,1,1,1
99.70999908447266,1,1,-1,0.0,0,0,0,1,1,1,1,0
101.61000061035156,1,1,-1,0.0,0,0,0,1,0,1,1,0
104.5,1,1,-1,0.0,0,1,1,1,2,1,1,0
106.05999755859376,1,1,-1,0.0,0,1,0,1,2,1,1,2
105.37000274658205,1,1,1,2.0,0,1,0,1,2,1,1,0
105.83999633789062,1,1,1,0.0,0,1,0,1,2,1,1,0
108.0199966430664,1,1,1,0.0,0,2,1,1,2,1,1,0
110.13999938964844,1,1,1,0.0,0,2,0,1,2,1,1,2
109.51000213623048,1,1,1,0.0,0,2,0,1,2,1,1,0
108.52999877929688,1,1,1,0.0,0,2,1,1,2,1,1,0
110.79000091552734,1,1,1,0.0,0,2,0,1,2,1,1,0
110.72000122070312,1,1,1,0.0,0,2,0,1,2,1,1,2
109.36000061035156,1,1,1,0.0,0,2,1,1,2,1,1,0
109.4499969482422,1,1,1,0.0,0,2,1,1,2,1,1,0
109.6500015258789,1,1,1,0.0,0,2,0,1,0,1,1,0
108.72000122070312,1,1,-1,-2.0,0,2,0,1,0,1,1,0
108.70999908447266,1,1,-1,0.0,0,2,0,1,0,1,1,0
111.45999908447266,1,1,-1,0.0,0,2,0,1,2,1,1,0
113.0,1,1,1,2.0,0,2,1,1,2,1,1,2
111.8000030517578,1,1,1,0.0,0,2,0,1,2,1,1,0
114.52999877929688,1,1,1,0.0,0,2,0,1,2,1,1,0
115.56999969482422,1,1,1,0.0,0,2,0,1,2,1,1,2
115.70999908447266,1,1,1,0.0,0,2,1,1,2,1,1,0
117.9000015258789,1,1,1,0.0,0,2,1,1,2,1,1,0
117.97000122070312,1,1,1,0.0,0,2,0,1,2,1,1,2
117.68000030517578,1,1,1,0.0,0,2,0,1,2,1,1,0
117.94000244140624,1,1,1,0.0,0,2,1,1,2,1,1,0
117.62999725341795,1,1,1,0.0,0,2,0,1,2,1,1,0
118.76000213623048,1,1,1,0.0,0,2,0,1,2,1,1,0
118.20999908447266,1,1,1,0.0,0,2,0,1,2,1,1,0
118.94000244140624,1,1,1,0.0,0,2,0,1,2,1,1,0
117.16999816894533,1,1,-1,-2.0,0,2,0,1,0,1,1,0
118.20999908447266,1,1,-1,0.0,0,2,0,1,0,1,1,0
119.47000122070312,1,1,-1,0.0,0,2,1,1,2,1,1,2
118.9800033569336,1,1,-1,0.0,0,2,0,1,0,1,1,0
121.62000274658205,1,1,-1,0.0,0,2,1,1,2,1,1,0
121.9800033569336,1,1,-1,0.0,0,2,0,1,2,1,1,2
120.20999908447266,1,1,-1,0.0,0,1,0,1,0,1,1,0
119.19000244140624,1,1,-1,0.0,0,1,0,1,0,1,1,1
118.2699966430664,1,1,-1,0.0,0,1,0,1,0,-1,1,0
119.94000244140624,1,1,-1,0.0,0,1,1,1,0,1,1,0
124.80999755859376,1,1,-1,0.0,0,2,1,1,2,1,1,0
132.52999877929688,1,1,1,2.0,0,2,1,1,2,1,1,2
125.12999725341795,1,1,1,0.0,0,2,0,1,2,-1,1,0
129.33999633789062,1,1,1,0.0,0,2,1,1,2,1,1,1
131.1999969482422,1,1,1,0.0,0,2,1,1,2,1,1,2
127.25,1,1,1,0.0,0,2,0,1,2,1,1,0
125.87999725341795,1,1,1,0.0,0,1,0,1,0,1,1,0
118.1500015258789,1,1,-1,-2.0,0,0,0,1,0,-1,1,0
117.26000213623048,1,1,-1,0.0,0,0,0,1,1,-1,1,1
119.41999816894533,1,1,-1,0.0,0,0,0,1,0,-1,1,0
123.9000015258789,1,1,-1,0.0,0,1,1,1,0,1,1,0
127.3499984741211,1,1,-1,0.0,0,1,1,1,0,1,1,0
129.6999969482422,1,1,-1,0.0,0,2,0,1,2,1,1,0
129.35000610351562,1,1,1,2.0,0,1,0,1,2,1,1,2
128.97999572753906,1,1,1,0.0,0,1,0,1,0,-1,1,0
128.14999389648438,1,1,1,0.0,0,0,0,1,0,-1,1,0
128.5500030517578,1,1,1,0.0,0,1,1,1,0,-1,1,0
135.16000366210938,1,1,1,0.0,0,1,0,1,2,1,1,0
139.16000366210938,1,1,1,0.0,0,2,0,1,2,1,1,0
139.50999450683594,1,1,1,0.0,0,2,1,1,2,1,1,2
136.36000061035156,1,1,1,0.0,0,2,0,1,2,1,1,1
139.11000061035156,1,1,1,0.0,0,2,1,1,2,1,1,0
134.77000427246094,1,1,1,0.0,0,2,0,1,0,1,1,0
132.66000366210938,1,1,1,0.0,0,2,0,1,0,-1,1,1
134.10000610351562,1,1,-1,-2.0,0,2,0,1,0,1,1,0
133.57000732421875,1,1,-1,0.0,0,2,0,1,0,-1,1,0
132.4199981689453,1,1,-1,0.0,0,1,0,1,0,-1,1,0
132.64999389648438,1,1,-1,0.0,0,1,0,1,0,1,1,0
135.02000427246094,1,1,-1,0.0,0,1,1,1,0,1,1,2
127.93000030517578,1,1,-1,0.0,0,0,0,1,1,-1,1,0
126.2300033569336,1,1,-1,0.0,0,0,0,1,1,-1,1,0
125.01000213623048,1,1,-1,0.0,0,-1,0,1,1,-1,1,0
121.66999816894533,1,1,-1,0.0,0,-1,0,1,1,-1,1,1
123.95999908447266,1,1,-1,0.0,0,-1,1,1,1,-1,1,0
123.45999908447266,1,1,-1,0.0,0,-1,0,1,1,-1,1,0
121.38999938964844,1,1,-1,0.0,0,-1,0,1,1,-1,1,0
120.16999816894533,-1,1,-1,0.0,0,-1,0,1,1,-1,1,0
117.52999877929688,-1,-1,-1,0.0,0,-1,0,1,1,-1,1,0
117.7300033569336,-1,-1,-1,0.0,0,-1,0,1,1,-1,1,1
121.83999633789062,-1,-1,-1,0.0,0,-1,1,1,0,-1,1,0
126.58000183105467,-1,-1,-1,0.0,0,0,1,1,0,-1,1,2
121.41000366210938,-1,-1,-1,0.0,0,-1,0,1,0,-1,1,0
121.5199966430664,-1,-1,-1,0.0,0,-1,0,1,0,-1,1,0
118.8000030517578,-1,-1,-1,0.0,0,-1,1,1,1,-1,1,0
117.88999938964844,-1,-1,-1,0.0,0,-1,0,1,1,-1,1,0
116.76000213623048,-1,-1,-1,0.0,0,-1,0,1,1,-1,1,1
119.68000030517578,-1,-1,-1,0.0,0,0,1,1,0,-1,1,0
120.83999633789062,-1,-1,-1,0.0,0,0,0,1,0,-1,1,0
124.41999816894533,-1,-1,1,2.0,0,1,1,1,0,1,1,0
124.5,-1,-1,1,0.0,0,1,1,1,0,1,1,2
120.69000244140624,-1,-1,1,0.0,0,1,0,1,0,-1,1,0
119.13999938964844,-1,-1,1,0.0,0,1,0,1,0,-1,1,1
119.95999908447266,-1,-1,1,0.0,0,1,0,1,0,-1,1,0
119.0999984741211,-1,-1,1,0.0,0,0,0,1,0,-1,1,0
120.55999755859376,-1,-1,1,0.0,0,-1,0,1,0,-1,1,0
122.58999633789062,-1,-1,1,0.0,0,1,1,1,0,1,1,2
118.94000244140624,-1,-1,1,0.0,0,0,0,1,0,-1,1,0
118.68000030517578,-1,-1,1,0.0,0,0,1,1,0,-1,1,1
117.94000244140624,-1,-1,1,0.0,0,1,0,1,1,-1,1,0
113.54000091552734,-1,-1,-1,-2.0,0,0,0,1,1,-1,1,0
114.33999633789062,-1,-1,-1,0.0,0,-1,0,1,1,-1,1,1
114.6500015258789,-1,-1,-1,0.0,0,-1,0,1,1,-1,1,0
117.29000091552734,-1,-1,-1,0.0,0,-1,0,1,0,1,1,0
122.54000091552734,-1,-1,1,2.0,0,0,1,1,2,1,1,0
120.20999908447266,-1,-1,1,0.0,0,0,0,1,0,1,1,2
122.2300033569336,-1,-1,1,0.0,0,1,1,1,0,1,1,0
82.87000274658203,-1,-1,-1,-2.0,0,-1,0,2,1,-1,1,0
