symbol,Date,Open,High,Low,Close/Last,Volume,Dividends,Stock Splits
CEG,2025-02-13,314.6099853515625,317.73760986328125,305.0899963378906,310.4849853515625,1838004,0.0,0.0
CEG,2025-02-12,305.42999267578125,317.42999267578125,303.7900085449219,313.79998779296875,1766400,0.0,0.0
CEG,2025-02-11,317.30999755859375,319.1600036621094,309.44000244140625,313.5799865722656,2642900,0.0,0.0
CEG,2025-02-10,312.6300048828125,322.0,312.57501220703125,321.8299865722656,2729800,0.0,0.0
CEG,2025-02-07,314.4800109863281,319.6099853515625,309.30499267578125,309.7900085449219,2298000,0.0,0.0
CEG,2025-02-06,315.32501220703125,316.5799865722656,305.8699951171875,311.79998779296875,2480100,0.0,0.0
CEG,2025-02-05,310.5299987792969,318.3699951171875,302.8500061035156,313.8299865722656,3578600,0.0,0.0
CEG,2025-02-04,298.22698974609375,307.0899963378906,293.5,306.3299865722656,2996300,0.0,0.0
CEG,2025-02-03,285.3999938964844,308.6499938964844,284.0199890136719,306.30999755859375,3723500,0.0,0.0
CEG,2025-01-31,312.0,312.0,297.94500732421875,299.9800109863281,4726000,0.0,0.0
CEG,2025-01-30,301.0,310.69000244140625,298.7900085449219,308.54998779296875,6023100,0.0,0.0
CEG,2025-01-29,279.0299987792969,294.19000244140625,276.05999755859375,291.8900146484375,6638500,0.0,0.0
CEG,2025-01-28,281.54998779296875,284.3699951171875,259.0899963378906,278.79998779296875,9989300,0.0,0.0
CEG,2025-01-27,292.4599914550781,302.6700134277344,270.44000244140625,275.0,16083200,0.0,0.0
CEG,2025-01-24,347.75,350.0,341.95001220703125,347.44000244140625,3226600,0.0,0.0
CEG,2025-01-23,333.1300048828125,352.0,333.0,346.2200012207031,4853500,0.0,0.0
CEG,2025-01-22,329.0,336.447998046875,319.0,332.4700012207031,4576600,0.0,0.0
CEG,2025-01-21,326.0,330.3399963378906,318.3299865722656,323.6400146484375,4032300,0.0,0.0
CEG,2025-01-17,320.1600036621094,320.1600036621094,311.0400085449219,316.3599853515625,2820000,0.0,0.0
CEG,2025-01-16,302.4700012207031,320.510009765625,302.4700012207031,315.239990234375,5269100,0.0,0.0
CEG,2025-01-15,297.0899963378906,305.1080017089844,293.0199890136719,300.7699890136719,4140700,0.0,0.0
CEG,2025-01-14,283.8949890136719,294.3999938964844,281.3999938964844,288.8699951171875,4852400,0.0,0.0
CEG,2025-01-13,297.4949951171875,300.4599914550781,278.8599853515625,279.239990234375,6920600,0.0,0.0
CEG,2025-01-10,282.489990234375,310.0,280.1300048828125,305.19000244140625,14707200,0.0,0.0
CEG,2025-01-08,255.50999450683594,255.99000549316406,228.0500030517578,243.83999633789062,8414200,0.0,0.0
CEG,2025-01-07,263.5,265.4800109863281,249.55999755859375,255.6300048828125,3112400,0.0,0.0
CEG,2025-01-06,257.8800048828125,267.82000732421875,251.50999450683594,264.2799987792969,4116000,0.0,0.0
CEG,2025-01-03,250.5,254.1790008544922,244.35000610351562,252.39999389648438,4576600,0.0,0.0
CEG,2025-01-02,226.3800048828125,243.72000122070312,225.13800048828125,242.60000610351562,4552500,0.0,0.0
CEG,2024-12-31,226.35000610351562,227.02999877929688,222.8800048828125,223.7100067138672,1885700,0.0,0.0
CEG,2024-12-30,223.52000427246094,229.0,222.25,226.32000732421875,1587100,0.0,0.0
CEG,2024-12-27,228.17999267578125,228.17999267578125,222.74000549316406,226.5399932861328,1466000,0.0,0.0
CEG,2024-12-26,228.57000732421875,230.22999572753906,227.31900024414062,228.63999938964844,920500,0.0,0.0
CEG,2024-12-24,229.2449951171875,230.11000061035156,227.156005859375,229.7899932861328,978400,0.0,0.0
CEG,2024-12-23,227.0,229.36000061035156,221.6999969482422,228.27999877929688,1935200,0.0,0.0
CEG,2024-12-20,221.82000732421875,231.6999969482422,219.63999938964844,227.02000427246094,4985400,0.0,0.0
CEG,2024-12-19,228.86000061035156,233.7899932861328,224.97999572753906,225.1699981689453,3626800,0.0,0.0
CEG,2024-12-18,234.32000732421875,236.99000549316406,224.77000427246094,225.75999450683594,3173700,0.0,0.0
CEG,2024-12-17,237.66000366210938,238.0800018310547,228.86000061035156,234.24000549316406,2506500,0.0,0.0
CEG,2024-12-16,240.0500030517578,243.6999969482422,237.2480010986328,239.3000030517578,1974400,0.0,0.0
CEG,2024-12-13,241.99000549316406,243.4199981689453,236.5,239.07000732421875,2004800,0.0,0.0
CEG,2024-12-12,242.9600067138672,248.1300048828125,238.9199981689453,239.02000427246094,2822000,0.0,0.0
CEG,2024-12-11,234.77000427246094,239.447998046875,232.1199951171875,236.60000610351562,2386700,0.0,0.0
CEG,2024-12-10,237.8800048828125,239.5,230.7100067138672,232.33999633789062,2771500,0.0,0.0
CEG,2024-12-09,253.7899932861328,254.0,236.3300018310547,239.85000610351562,3262400,0.0,0.0
CEG,2024-12-06,256.45001220703125,258.57000732421875,250.4199981689453,253.6300048828125,1329700,0.0,0.0
CEG,2024-12-05,253.72000122070312,259.760009765625,253.10000610351562,256.0899963378906,2118200,0.0,0.0
CEG,2024-12-04,252.67999267578125,257.6600036621094,251.0,254.1999969482422,2701200,0.0,0.0
CEG,2024-12-03,251.4709930419922,254.17999267578125,246.5800018310547,247.50999450683594,1784600,0.0,0.0
CEG,2024-12-02,257.0,258.44000244140625,249.50999450683594,249.5800018310547,1908400,0.0,0.0
CEG,2024-11-29,257.9800109863281,260.78900146484375,255.1999969482422,256.55999755859375,1185700,0.0,0.0
CEG,2024-11-27,265.0,266.0,250.85000610351562,253.38999938964844,2298200,0.0,0.0
CEG,2024-11-26,249.5500030517578,267.1300048828125,249.1999969482422,266.7300109863281,3881600,0.0,0.0
CEG,2024-11-25,253.5,255.61000061035156,243.0,248.92999267578125,3459600,0.0,0.0
CEG,2024-11-22,251.2100067138672,253.22999572753906,245.02999877929688,249.88999938964844,2471600,0.0,0.0
CEG,2024-11-21,237.30999755859375,252.19000244140625,234.11000061035156,251.83999633789062,3586400,0.0,0.0
CEG,2024-11-20,238.13999938964844,241.47999572753906,232.13999938964844,235.4199981689453,2567600,0.0,0.0
CEG,2024-11-19,226.30499267578125,234.88999938964844,226.10000610351562,234.5800018310547,2197500,0.0,0.0
CEG,2024-11-18,225.99000549316406,232.0399932861328,221.17999267578125,230.27999877929688,3295000,0.0,0.0
CEG,2024-11-15,224.85000610351562,227.75,221.66000366210938,224.27999877929688,2717400,0.353,0.0
CEG,2024-11-14,227.8425833671348,231.17734850402644,224.76740552599676,225.02700805664062,2513200,0.0,0.0
CEG,2024-11-13,230.6381937013941,232.40542568513496,225.25663645775717,225.60609436035156,2979500,0.0,0.0
CEG,2024-11-12,235.07124587278358,235.61039339749433,225.33651675499044,228.341796875,4460000,0.0,0.0
CEG,2024-11-11,241.61100047309006,243.5279915387334,233.92304803387916,236.8983917236328,3382100,0.0,0.0
CEG,2024-11-08,242.86901457301397,247.61157498091455,236.4590715972594,238.99508666992188,5162100,0.0,0.0
CEG,2024-11-07,242.14016020745046,247.96103086765115,238.02361671012787,241.21160888671875,4154900,0.0,0.0
CEG,2024-11-06,238.44596677264136,241.62097893515747,233.3938789612344,234.62196350097656,4790100,0.0,0.0
CEG,2024-11-05,229.9892271189029,236.4890255365451,226.64446786482705,233.38389587402344,6347400,0.0,0.0
CEG,2024-11-04,232.13584387857824,235.1291493193526,224.32808474161402,225.59609985351562,10719400,0.0,0.0
CEG,2024-11-01,262.31852363982796,264.3553066566655,256.4177762165304,257.6957702636719,2804500,0.0,0.0
CEG,2024-10-31,261.33003584615545,263.7762106829225,258.94379506563905,262.5481262207031,2290900,0.0,0.0
CEG,2024-10-30,266.4620135165662,267.58025448102336,261.02053719834936,261.3699951171875,1831000,0.0,0.0
CEG,2024-10-29,265.8629550017276,266.81147931375597,261.2901415363798,264.5849609375,1829700,0.0,0.0
CEG,2024-10-28,266.4720037478497,270.76525677491793,264.59494338334457,266.5618591308594,1542500,0.0,0.0
CEG,2024-10-25,268.5786875329445,269.3175187817759,262.67794022110724,263.9958801269531,2016200,0.0,0.0
CEG,2024-10-24,267.37057940870005,267.38054302663653,262.15875407407634,264.0857238769531,1553700,0.0,0.0
CEG,2024-10-23,264.58495747727153,267.506369662418,262.198686065472,265.63330078125,2633700,0.0,0.0
CEG,2024-10-22,269.94652457865783,270.9998648583721,265.4336150568539,265.5833740234375,2134100,0.0,0.0
CEG,2024-10-21,272.6522780506604,273.69065769365216,267.59024203935877,273.2912902832031,1650900,0.0,0.0
CEG,2024-10-18,267.3606001365389,272.15307015979073,264.58495540803085,269.73687744140625,1708800,0.0,0.0
CEG,2024-10-17,284.55361123532947,284.55361123532947,270.1162681231383,270.7752380371094,3209900,0.0,0.0
CEG,2024-10-16,267.7999057744616,279.80106866545236,263.70632124236425,279.36175537109375,2469300,0.0,0.0
CEG,2024-10-15,269.37743163491757,269.37743163491757,261.9291238917408,265.733154296875,3000900,0.0,0.0
CEG,2024-10-14,267.15094019114355,272.3927176610078,264.7946205699277,271.31439208984375,2229300,0.0,0.0
CEG,2024-10-11,255.98844899533515,266.4819672018449,248.6599335427414,265.80303955078125,4477700,0.0,0.0
CEG,2024-10-10,260.65112766100304,267.3406463671894,258.6243082481383,261.899169921875,2733500,0.0,0.0
CEG,2024-10-09,275.617623372304,275.617623372304,257.0966895734672,261.86920166015625,5235800,0.0,0.0
CEG,2024-10-08,278.453206215231,280.9592542357504,272.67226620782543,278.9524230957031,2599100,0.0,0.0
CEG,2024-10-07,284.55363440300425,288.300747210066,273.5708625488532,278.12371826171875,3477000,0.0,0.0
CEG,2024-10-04,277.4747184492228,285.55204357797453,275.16833899636765,285.0727844238281,3829200,0.0,0.0
CEG,2024-10-03,271.72375175356257,279.0722403436058,267.5802575900608,276.9355773925781,4274200,0.0,0.0
CEG,2024-10-02,264.4950903838838,269.29755432038814,261.24018658375724,264.96435546875,3233600,0.0,0.0
CEG,2024-10-01,258.69418683119426,265.58337350870477,253.56223804271488,265.1939697265625,3179800,0.0,0.0
CEG,2024-09-30,257.3462982969566,260.7110151492826,250.88143369098205,259.61273193359375,2899300,0.0,0.0
CEG,2024-09-27,256.77718390636,261.9890092878534,254.94006946706847,256.59747314453125,2598100,0.0,0.0
CEG,2024-09-26,263.41676835367963,269.6969253037938,254.10139467845772,256.3678283691406,4072200,0.0,0.0
CEG,2024-09-25,254.04147785564044,266.6716583048321,252.84336044002728,262.4482727050781,6246200,0.0,0.0
CEG,2024-09-24,253.68205934061967,259.03366506756345,250.69474105153384,253.09298706054688,4562700,0.0,0.0
CEG,2024-09-23,259.1534659839874,271.42422550528204,251.7151374708611,256.71728515625,10270000,0.0,0.0
CEG,2024-09-20,234.7916929673638,254.8402452351011,232.63507233143685,254.5806427001953,15031400,0.0,0.0
CEG,2024-09-19,204.78875669315167,208.3132267774449,202.15289207871072,208.17344665527344,3432600,0.0,0.0
CEG,2024-09-18,201.643687242367,204.63199568362938,198.10922322900984,200.0162353515625,1796000,0.0,0.0
CEG,2024-09-17,199.68675615486998,204.37939187753136,197.93949703851487,200.91482543945312,2881700,0.0,0.0
CEG,2024-09-16,194.69458375401896,199.21748748089806,192.3882041994384,198.93792724609375,2264000,0.0,0.0
CEG,2024-09-13,191.1501460761943,197.50018559090918,188.8836971067968,195.6730499267578,2613600,0.0,0.0
CEG,2024-09-12,186.70711888857073,191.37978171699177,183.90152237387045,189.6325225830078,2154900,0.0,0.0
CEG,2024-09-11,181.24568361032988,187.85531038595974,178.86442451979295,186.95672607421875,2846900,0.0,0.0
CEG,2024-09-10,176.57301325801032,180.92118793597572,173.58769088670684,179.96768188476562,2301800,0.0,0.0
CEG,2024-09-09,176.07379477054204,176.07379477054204,170.77209885515884,174.64602661132812,2184400,0.0,0.0
CEG,2024-09-06,175.5346352673251,176.36333710856616,171.67070152740547,172.8388671875,3390300,0.0,0.0
CEG,2024-09-05,177.69125323414374,179.4684640656269,174.83573213947585,175.7942352294922,2444900,0.0,0.0
CEG,2024-09-04,177.4017117077296,182.4637784274663,175.72435022289503,177.24197387695312,3310400,0.0,0.0
CEG,2024-09-03,195.19380421749568,195.49333739882286,176.90249003383,177.50155639648438,4252300,0.0,0.0
CEG,2024-08-30,194.95417491249532,197.50018410518933,194.84434658701,196.3919219970703,2239400,0.0,0.0
CEG,2024-08-29,195.60316641155666,198.79815147553043,192.00879869277958,194.13546752929688,2463800,0.0,0.0
CEG,2024-08-28,196.8811639938766,197.1407512980204,192.10865163571626,193.46652221679688,2493200,0.0,0.0
CEG,2024-08-27,194.58475200785549,197.9894147356274,193.26682738623114,195.83279418945312,1703200,0.0,0.0
CEG,2024-08-26,195.19380780032682,197.67991344561798,192.7775998337475,194.5847625732422,1953400,0.0,0.0
CEG,2024-08-23,194.7045585357967,197.02093212989982,192.2184682686364,194.68460083007812,2683300,0.0,0.0
CEG,2024-08-22,195.26369259487578,198.49661237088796,194.40503897457552,194.6446533203125,1520300,0.0,0.0
CEG,2024-08-21,191.18009801635566,197.020941787095,190.6808811209041,196.43186950683594,2404200,0.0,0.0
CEG,2024-08-20,192.69772300657667,193.19693990555746,189.34199456813374,190.42129516601562,2507000,0.0,0.0
CEG,2024-08-19,189.31302468959805,192.57790733067586,185.26936493925618,192.47805786132812,2025100,0.0,0.0
CEG,2024-08-16,190.92051273922547,191.06029286203807,185.5389551586036,189.6824493408203,2572300,0.0,0.0
CEG,2024-08-15,186.10805575451062,192.27838461132944,185.19949256756576,190.09181213378906,4241900,0.0,0.0
CEG,2024-08-14,188.66405596559372,189.59259207904162,181.9246278722399,185.8584442138672,2327900,0.0,0.0
CEG,2024-08-13,189.04344460915456,190.55108933825764,186.77701094131154,189.11334228515625,2349000,0.0,0.0
CEG,2024-08-12,189.70242225637682,190.53112413968367,183.41228626089776,187.03660583496094,2232300,0.353,0.0
CEG,2024-08-09,186.43972447437022,189.44939284596617,182.443454089076,189.2201690673828,3204000,0.0,0.0
CEG,2024-08-08,182.6228158140221,186.98782986574588,175.8161900764934,186.38987731933594,3338800,0.0,0.0
CEG,2024-08-07,189.43941643576667,189.43941643576667,176.2945565618951,179.0451202392578,6154900,0.0,0.0
CEG,2024-08-06,173.04571239585204,183.200839313537,167.813680644691,180.42037963867188,6322100,0.0,0.0
CEG,2024-08-05,155.70528465804355,172.16873512837827,155.0674756229527,169.38829040527344,5430800,0.0,0.0
CEG,2024-08-02,173.8728702560608,174.72992747791886,160.88547513911442,166.50816345214844,6099200,0.0,0.0
CEG,2024-08-01,187.64756855030987,193.60510538071733,176.01550427232974,176.96226501464844,4482100,0.0,0.0
CEG,2024-07-31,192.61849120388447,195.82747185746328,182.37367608099635,189.15040588378906,7483700,0.0,0.0
CEG,2024-07-30,172.87629472383776,174.43095314206653,165.1827154484179,168.11265563964844,3517100,0.0,0.0
CEG,2024-07-29,175.44746565339025,176.5436917403189,170.54231429314936,172.0889892578125,2100100,0.0,0.0
CEG,2024-07-26,175.9357842106916,176.4639842728848,170.8532481120296,174.44091796875,3469300,0.0,0.0
CEG,2024-07-25,176.09524008941125,176.2347603302618,165.3023040082241,169.84669494628906,5542000,0.0,0.0
CEG,2024-07-24,187.64556934277246,187.64556934277246,174.10208487137814,174.4807891845703,4910100,0.0,0.0
CEG,2024-07-23,189.0208566044737,191.50433216657518,187.6555502666518,189.2201690673828,1856600,0.0,0.0
CEG,2024-07-22,191.58205832400773,196.14638496179688,187.96447724148874,189.76828002929688,1868800,0.0,0.0
CEG,2024-07-19,187.3764969450254,189.2899238297334,185.76203113092404,188.65211486816406,2827000,0.0,0.0
CEG,2024-07-18,189.71845899554896,192.18000670436967,177.4605675756872,186.6390380859375,5484900,0.0,0.0
CEG,2024-07-17,201.43820689649175,202.3650166353272,185.1341990393438,186.03111267089844,6748700,0.0,0.0
CEG,2024-07-16,213.40710463984314,214.27412219629673,203.36160164338762,204.17880249023438,4049600,0.0,0.0
CEG,2024-07-15,216.2573227563531,218.8982471129171,210.91367455808043,212.15142822265625,2164300,0.0,0.0
CEG,2024-07-12,215.51984227083298,220.38314528266858,211.58038374419527,216.39683532714844,1760700,0.0,0.0
CEG,2024-07-11,218.80856199522398,219.78819941904166,214.4535230165832,216.09786987304688,2438200,0.0,0.0
CEG,2024-07-10,217.43326252620628,219.2071843918038,213.00847138540908,218.798583984375,2584300,0.0,0.0
CEG,2024-07-09,216.29717656189098,221.60893652682503,214.32395734552884,215.22088623046875,1773200,0.0,0.0
CEG,2024-07-08,211.1050073902532,215.68925463038488,210.52699063260425,214.9916534423828,1634400,0.0,0.0
CEG,2024-07-05,209.28127049842416,212.03181886489702,207.35788326394726,210.5668487548828,1601600,0.0,0.0
CEG,2024-07-03,204.60731013379353,211.7029365836342,201.31860156683356,209.3510284423828,1612700,0.0,0.0
CEG,2024-07-02,202.76366208398832,211.07511467140483,202.40489358060373,205.44444274902344,1905300,0.0,0.0
CEG,2024-07-01,207.47747358850737,212.85898604298393,202.444754137496,204.3482208251953,4168400,0.0,0.0
CEG,2024-06-28,204.5475311421539,206.5905180511475,198.75741832094906,199.58457946777344,10579100,0.0,0.0
CEG,2024-06-27,206.87951232386845,207.20838471212872,200.57117514520087,204.07913208007812,4733600,0.0,0.0
CEG,2024-06-26,219.81510476357045,221.43951573546465,206.73999772485496,209.5902099609375,4237000,0.0,0.0
CEG,2024-06-25,215.7590274708987,221.69863602657543,213.4469603854539,221.6089324951172,2305100,0.0,0.0
CEG,2024-06-24,217.2539038420938,220.09415591531655,214.61396786905712,215.36041259765625,2474100,0.0,0.0
CEG,2024-06-21,222.23678089294378,223.81137515634535,215.00163376962686,217.38345336914062,5513400,0.0,0.0
CEG,2024-06-20,223.05397500166677,226.9904529380364,218.53946510557546,221.54913330078125,3075100,0.0,0.0
CEG,2024-06-18,212.06170913052514,220.4429291439247,208.39929916295287,219.6556396484375,2714700,0.0,0.0
CEG,2024-06-17,213.1380164766279,213.98511340014485,207.9956883406803,211.2943572998047,3321100,0.0,0.0
CEG,2024-06-14,218.05116649383558,218.12091901348543,210.23800231220594,214.1645050048828,2373800,0.0,0.0
CEG,2024-06-13,219.5559809176418,219.60581283266708,213.38716391902105,219.17727661132812,2238200,0.0,0.0
CEG,2024-06-12,220.51270608824947,221.01099483464623,211.42390901350834,217.38345336914062,3137900,0.0,0.0
CEG,2024-06-11,210.43731251665812,218.80855759184323,209.7297357874302,217.56283569335938,3701900,0.0,0.0
CEG,2024-06-10,198.84710533877492,214.03495175887494,197.45389499567943,213.8954315185547,5719600,0.0,0.0
CEG,2024-06-07,201.3883798802448,203.30180682558003,196.84398898425292,197.3223419189453,4558700,0.0,0.0
CEG,2024-06-06,208.7829793937064,209.0919159755106,195.53847154453618,201.90660095214844,4842100,0.0,0.0
CEG,2024-06-05,203.79012478128354,212.12151273076503,203.7502531682808,208.61355590820312,4502200,0.0,0.0
CEG,2024-06-04,206.2815772911382,207.78640380596894,196.16630678287956,202.4447479248047,4666700,0.0,0.0
CEG,2024-06-03,214.76245257088914,216.45663128999595,203.3516431670205,207.54722595214844,4922600,0.0,0.0
CEG,2024-05-31,223.2931445775333,223.71170528842538,207.28811290815594,216.50645446777344,5618300,0.0,0.0
CEG,2024-05-30,221.56907507178906,224.51893592511834,219.2470476963984,224.19007873535156,2040800,0.0,0.0
CEG,2024-05-29,226.0038334510362,228.09665218381608,218.14083795943526,219.98451232910156,3809400,0.353,0.0
CEG,2024-05-28,231.58942782185224,233.61933616053616,220.72341395198492,230.12669372558594,2602200,0.0,0.0
CEG,2024-05-24,222.20603307032152,235.13182063807383,220.54429077300824,229.48985290527344,2670600,0.0,0.0
CEG,2024-05-23,222.6737084234687,226.92260328234605,219.64874380510145,220.06666564941406,2658300,0.0,0.0
CEG,2024-05-22,221.0020181593343,223.29561572435517,216.7829738313518,219.0218505859375,1573700,0.0,0.0
CEG,2024-05-21,214.86251444508744,221.56919983737274,214.43464749447787,221.48959350585938,1881100,0.0,0.0
CEG,2024-05-20,212.89230147389137,214.17593265859216,210.1061406777926,214.00677490234375,2326200,0.0,0.0
CEG,2024-05-17,215.290390629027,216.6357117827176,208.87228026377562,212.05645751953125,3057300,0.0,0.0
CEG,2024-05-16,222.6239585586589,223.6886761680689,215.17099602621016,215.27049255371094,3539800,0.0,0.0
CEG,2024-05-15,219.0516974606466,223.60905722373823,218.67357120074743,222.20602416992188,2682200,0.0,0.0
CEG,2024-05-14,213.5092474243009,216.83273197554766,209.7280302732714,216.66357421875,1951000,0.0,0.0
CEG,2024-05-13,215.92723402777887,217.59395649761368,211.53903175675742,212.53408813476562,1919300,0.0,0.0
CEG,2024-05-10,219.42982325013318,219.42982325013318,210.81263190193096,213.86744689941406,2744700,0.0,0.0
CEG,2024-05-09,204.414419336728,214.88241642305863,201.9964396866178,214.84262084960938,4313500,0.0,0.0
CEG,2024-05-08,197.5585000648817,207.24041021435718,197.13063308120653,206.97174072265625,3992100,0.0,0.0
CEG,2024-05-07,197.7177064255128,204.06617120551903,196.37438937662375,199.56851196289062,2797300,0.0,0.0
CEG,2024-05-06,196.77239684630078,197.92666587762187,193.1603373704232,196.72264099121094,2708000,0.0,0.0
CEG,2024-05-03,188.39402228816854,196.29477220866556,187.07059550857866,193.8966827392578,3480200,0.0,0.0
CEG,2024-05-02,184.08542332363945,186.25463886182118,182.69235051777545,185.25958251953125,3071000,0.0,0.0
CEG,2024-05-01,185.3292459342139,187.2745829283045,183.01076280736987,183.64759826660156,2717000,0.0,0.0
CEG,2024-04-30,187.67756565865142,188.46365343951294,184.79190851875495,185.02076721191406,2173200,0.0,0.0
CEG,2024-04-29,187.49846374589563,189.47863138012232,185.21979134857136,187.67758178710938,2205500,0.0,0.0
CEG,2024-04-26,185.9909424756476,188.44376780559867,184.71230666370948,187.43875122070312,1826600,0.0,0.0
CEG,2024-04-25,184.68246166308992,189.58709518362647,184.48841838995034,187.08053588867188,2908900,0.0,0.0
CEG,2024-04-24,185.8068745616159,193.4091047373962,182.73912313544648,185.2397003173828,2266400,0.0,0.0
CEG,2024-04-23,183.06052629695648,188.8119510483457,183.06052629695648,187.31936645507812,2387300,0.0,0.0
CEG,2024-04-22,180.7022378273798,182.9411145974601,177.32899743445964,182.31422424316406,2327500,0.0,0.0
CEG,2024-04-19,182.39383592989782,185.04068952205355,176.7717583209936,180.0056915283203,3413600,0.0,0.0
CEG,2024-04-18,185.20984727802414,187.33727828606726,182.18486740611496,182.95106506347656,1654200,0.0,0.0
CEG,2024-04-17,186.9909905079454,188.10544877937787,181.72714901160262,184.4834442138672,3282900,0.0,0.0
CEG,2024-04-16,184.11527795210114,187.34423099698995,182.20477155381408,185.72726440429688,2982700,0.0,0.0
CEG,2024-04-15,193.1304864651881,195.03104776857074,183.86651412551782,184.4834442138672,2531500,0.0,0.0
CEG,2024-04-12,191.01101746181817,192.29463343121344,189.40897618268966,190.72244262695312,1801400,0.0,0.0
CEG,2024-04-11,190.62294654540523,193.31954067042176,189.06070083470826,191.9264678955078,2267300,0.0,0.0
CEG,2024-04-10,182.59284675194542,192.87178103687776,181.59779036637624,190.1353759765625,3861900,0.0,0.0
CEG,2024-04-09,191.64785854284023,193.87677504320686,184.13518008485713,187.17010498046875,1958600,0.0,0.0
CEG,2024-04-08,193.9016616010259,196.66293690594412,187.18005108103782,191.03091430664062,1663500,0.0,0.0
CEG,2024-04-05,181.418687064528,193.88674233077094,180.52312720967672,192.12548828125,4330700,0.0,0.0
CEG,2024-04-04,192.48369097804505,194.53350450409684,182.05550532041775,182.2047576904297,3747800,0.0,0.0
CEG,2024-04-03,187.5482282914575,192.25485605246053,185.94618686072607,189.31942749023438,2555800,0.0,0.0
CEG,2024-04-02,183.7719748462367,187.43875497238898,183.20976559360247,187.199951171875,1875500,0.0,0.0
CEG,2024-04-01,185.11033324719835,187.87658871050655,182.49333016439576,185.06057739257812,1977500,0.0,0.0
CEG,2024-03-28,184.11527534045268,185.90637980823874,182.42866272149726,183.93617248535156,2050800,0.0,0.0
CEG,2024-03-27,187.15019958379926,189.18010785119873,181.43857068546103,183.97596740722656,2452100,0.0,0.0
CEG,2024-03-26,188.9612016596648,197.84706308347597,183.56799786864534,184.493408203125,4228700,0.0,0.0
CEG,2024-03-25,179.1101402503253,188.1154031162487,178.65240765567617,186.33424377441406,3570600,0.0,0.0
CEG,2024-03-22,174.13486803553457,177.4882032070308,173.35374512634127,177.35885620117188,1608100,0.0,0.0
CEG,2024-03-21,176.58272001804795,176.9309806570937,171.51787127094786,173.26918029785156,2212100,0.0,0.0
CEG,2024-03-20,172.0651537241123,175.89612700108955,171.79748634180362,174.84136962890625,1969200,0.0,0.0
CEG,2024-03-19,168.1645322417029,173.1497593587181,167.428185036885,171.55767822265625,1922200,0.0,0.0
CEG,2024-03-18,166.86100133237406,170.2342417428781,165.36841681120669,168.00531005859375,2006800,0.0,0.0
CEG,2024-03-15,163.3683493601778,167.55754340526443,161.8658196907322,164.7017364501953,4530900,0.0,0.0
CEG,2024-03-14,167.02021795401103,167.55754171370148,162.4628579526014,163.82608032226562,3012300,0.0,0.0
CEG,2024-03-13,170.3934620907686,170.46310814288768,165.61718837085263,167.03016662597656,1639000,0.0,0.0
CEG,2024-03-12,165.7465540355333,168.22423478706546,163.38826001155593,167.5376434326172,2617000,0.0,0.0
CEG,2024-03-11,169.46803937216546,170.11483508995792,165.577365518285,167.0799102783203,2601700,0.0,0.0
CEG,2024-03-08,178.69222875168433,178.94099284975994,167.6272065279544,169.72677612304688,3196900,0.0,0.0
CEG,2024-03-07,180.85148534852925,181.1500052798607,175.33888004114,178.6922149658203,1967800,0.353,0.0
CEG,2024-03-06,175.55112549103072,179.56326188982646,173.8032514866015,178.73898315429688,2073600,0.0,0.0
CEG,2024-03-05,176.16683699026245,184.30036667068063,174.2104195760208,175.55111694335938,4323800,0.0,0.0
CEG,2024-03-04,171.76739843781547,175.81429712694163,168.45041716790317,174.77650451660156,3818200,0.0,0.0
CEG,2024-03-01,165.88820014605645,169.13565671353402,163.9119315184397,168.81787109375,4554500,0.0,0.0
CEG,2024-02-29,169.99966974359353,170.12480797770485,162.24352380091963,167.2884979248047,4536900,0.0,0.0
CEG,2024-02-28,157.38722060909396,169.8010287277915,155.4208776460931,169.65206909179688,8227500,0.0,0.0
CEG,2024-02-27,134.06914036176144,155.58971833325361,134.06914036176144,154.6859893798828,4888300,0.0,0.0
CEG,2024-02-26,133.7513312091055,134.26774988640307,132.01339801676116,132.30140686035156,1494700,0.0,0.0
CEG,2024-02-23,132.56956393776292,133.22500158276802,130.44432029225794,133.0661163330078,2052200,0.0,0.0
CEG,2024-02-22,131.48705103302632,133.13560840686907,130.7422225374006,132.47023010253906,1529900,0.0,0.0
CEG,2024-02-21,131.377835499174,131.66682937764196,129.24266610774762,130.4939727783203,983400,0.0,0.0
CEG,2024-02-20,130.09673319521698,131.14942189420898,128.49783380705634,130.89122009277344,2121200,0.0,0.0
CEG,2024-02-16,130.35493188200022,131.74528770789766,129.59025208901227,130.25563049316406,1295700,0.0,0.0
CEG,2024-02-15,129.02415455039235,130.71242942782862,127.94167411672979,130.59326171875,1348900,0.0,0.0
CEG,2024-02-14,127.41533960815694,128.54250801892894,126.80954511805258,127.78278350830078,1372300,0.0,0.0
CEG,2024-02-13,127.02802276611328,127.92181091323883,125.85615894515794,127.02802276611328,1503700,0.0,0.0
CEG,2024-02-12,130.91105991173126,131.27850377656165,127.07766784788227,127.62387084960938,1206900,0.0,0.0
CEG,2024-02-09,129.12348260275468,131.5963037083101,129.10361626494347,131.25865173339844,1245300,0.0,0.0
CEG,2024-02-08,131.6360327351601,133.04623960915134,129.2724386691425,129.8186492919922,1228700,0.0,0.0
CEG,2024-02-07,131.05011010488917,132.87741921677798,129.90803054477666,131.5863800048828,2087600,0.0,0.0
CEG,2024-02-06,126.87906091937907,130.5883000712303,126.3129915330737,130.1066436767578,2656900,0.0,0.0
CEG,2024-02-05,127.01809471204925,127.53450583066517,124.98222701320893,126.15409088134766,1878000,0.0,0.0
CEG,2024-02-02,126.13421070964172,132.15242942019154,125.55820825361656,128.8155975341797,3781700,0.0,0.0
CEG,2024-02-01,121.1587700169989,126.81946361822571,121.1587700169989,126.74994659423828,1937400,0.0,0.0
CEG,2024-01-31,121.93338811746798,123.32373614741783,120.5281441238619,121.15876770019531,1666100,0.0,0.0
CEG,2024-01-30,120.4933935256876,121.46663187621759,119.86773272355941,121.03959655761719,1285500,0.0,0.0
CEG,2024-01-29,120.25504839414893,120.9025531038914,119.17753066884663,120.17560577392578,1801500,0.0,0.0
CEG,2024-01-26,119.24207717287534,121.565946035714,119.24207717287534,120.43379974365234,1558800,0.0,0.0
CEG,2024-01-25,117.08705141748236,119.75849803996304,116.23298072723561,119.71878051757812,1425800,0.0,0.0
CEG,2024-01-24,118.31849585895469,118.69587292530755,114.54469488827509,114.87242126464844,1514600,0.0,0.0
CEG,2024-01-23,116.91821770324843,119.72869819873841,116.35214833681688,117.87159729003906,1929400,0.0,0.0
CEG,2024-01-22,113.67076411252708,116.56566524923048,113.541663227967,116.40180206298828,1876700,0.0,0.0
CEG,2024-01-19,110.68152102504307,113.81973566249523,110.68152102504307,113.66083526611328,1684200,0.0,0.0
CEG,2024-01-18,110.60207482894626,111.12841911557098,109.48979482058563,110.64179992675781,1614900,0.0,0.0
CEG,2024-01-17,110.46304018528971,111.22772747791382,108.68538184584783,111.14827728271484,1484500,0.0,0.0
CEG,2024-01-16,111.59518342372614,112.05697349536376,110.53256164488248,111.0390396118164,1417000,0.0,0.0
CEG,2024-01-12,113.15435108876919,113.63103709817133,111.96262091168882,112.13145446777344,1556900,0.0,0.0
CEG,2024-01-11,114.20703963825414,114.49504090829555,110.71131445441756,112.13145446777344,1609300,0.0,0.0
CEG,2024-01-10,115.21999631849506,115.62717285534798,114.17227062641172,115.0511703491211,1090500,0.0,0.0
CEG,2024-01-09,115.63710926170548,116.12372842455918,114.37586209803165,115.68675994873047,1514000,0.0,0.0
CEG,2024-01-08,115.388841012711,116.35215381317585,114.23683588895862,116.2230453491211,1351700,0.0,0.0
CEG,2024-01-05,114.316278647565,116.8506836934836,114.316278647565,115.43848419189453,1729900,0.0,0.0
CEG,2024-01-04,115.40868973894413,116.30149287454579,114.20703402924222,114.5645523071289,1348900,0.0,0.0
CEG,2024-01-03,114.70358524253145,116.35809792668525,114.70358524253145,115.0511703491211,1372400,0.0,0.0
CEG,2024-01-02,115.59739424176757,116.42167300145887,114.17725414832864,114.455322265625,1362800,0.0,0.0
CEG,2023-12-29,115.92511445181623,116.46138431987016,115.13062766461681,116.0840072631836,849900,0.0,0.0
CEG,2023-12-28,117.89146394820874,117.96098097762832,116.14359746693164,116.30249786376953,559700,0.0,0.0
CEG,2023-12-27,116.47132513152893,116.94801875048817,116.07408171186091,116.61035919189453,541300,0.0,0.0
CEG,2023-12-26,114.79296491468301,117.0274504172435,114.79296491468301,116.75931549072266,740700,0.0,0.0
CEG,2023-12-22,114.20704078064456,117.16649612770345,113.23379483846645,114.5347671508789,1188400,0.0,0.0
CEG,2023-12-21,116.67987135216909,117.61339221290807,116.00455983995556,117.49421691894531,904600,0.0,0.0
CEG,2023-12-20,119.00374105758263,119.29670513313296,116.19325286640213,116.20318603515625,1324300,0.0,0.0
CEG,2023-12-19,118.94414470640447,120.21532506682682,118.43269640012618,119.97697448730469,1012700,0.0,0.0
CEG,2023-12-18,118.74552311391545,120.70194049356331,118.09007798254588,118.53697204589844,2019800,0.0,0.0
CEG,2023-12-15,114.87241857373793,120.03656754826441,114.81283471644318,117.93118286132812,5714900,0.0,0.0
CEG,2023-12-14,115.83573202264608,116.99766270743794,114.57449238285099,114.80290222167969,2456400,0.0,0.0
CEG,2023-12-13,113.79985788665027,115.94496756147633,112.74716938518222,115.6271743774414,1731100,0.0,0.0
CEG,2023-12-12,115.35904448553936,115.59738748975927,113.06496749826485,113.70055389404297,1846200,0.0,0.0
CEG,2023-12-11,110.78083331836653,115.49808068606124,109.9068963253127,115.34911346435547,2582900,0.0,0.0
CEG,2023-12-08,109.23157973924174,110.84041202061188,108.89392779074957,110.44316864013672,2627300,0.0,0.0
CEG,2023-12-07,112.47903173815727,112.65779087339367,108.69529797178477,109.76785278320312,3497000,0.0,0.0
CEG,2023-12-06,118.51710984400407,118.84483620951438,111.44620931369658,111.85337829589844,2629800,0.0,0.0
CEG,2023-12-05,117.88649752608039,118.11987774126514,115.08594252065119,117.49421691894531,1805900,0.0,0.0
CEG,2023-12-04,118.17945629592505,118.72566689775562,117.23600988562211,118.10000610351562,1946900,0.0,0.0
CEG,2023-12-01,119.78829344729444,120.10608665301324,118.82498066148774,119.05339050292969,1454900,0.0,0.0
CEG,2023-11-30,119.75848927976237,121.01973646168119,119.68400945975382,120.20539093017578,2650000,0.0,0.0
CEG,2023-11-29,122.69809564098423,123.08540588970162,118.93422770633124,119.74857330322266,2078800,0.0,0.0
CEG,2023-11-28,124.11823267051054,125.62774852852915,122.90664368585448,123.59188079833984,2003000,0.0,0.0
CEG,2023-11-27,123.07547311970923,124.51547198993912,122.51933687908881,124.2374038696289,1073200,0.0,0.0
CEG,2023-11-24,122.22139729161805,123.44291942804922,122.20153853105269,123.00595092773438,532500,0.0,0.0
CEG,2023-11-22,122.0525689845849,122.98608224913968,121.13394410757992,122.40015411376953,1376700,0.0,0.0
CEG,2023-11-21,122.05256289256182,122.33063098203029,121.00979998026791,121.66525268554688,984700,0.0,0.0
CEG,2023-11-20,121.60566221593267,122.00290559408032,120.64235706316774,121.43683624267578,1041600,0.0,0.0
CEG,2023-11-17,121.3573842844656,122.66828210951226,120.76152301431478,120.85090637207031,1487900,0.0,0.0
CEG,2023-11-16,122.15187812783546,122.97615684745232,120.6721542459988,120.83104705810547,1474500,0.282,0.0
CEG,2023-11-15,125.41660698438963,126.07053700373608,120.57155150379332,120.86878967285156,1982200,0.0,0.0
CEG,2023-11-14,122.90985541735321,125.5454033395512,122.24600766421467,125.35714721679688,1433300,0.0,0.0
CEG,2023-11-13,120.26438598440026,121.11252121580969,119.79871213405966,120.60126495361328,891600,0.0,0.0
CEG,2023-11-10,120.33375165976621,121.59703466376924,120.26043427221242,120.65081024169922,1219700,0.0,0.0
CEG,2023-11-09,120.47246173616529,123.21205555419782,119.41229641685564,119.52128601074219,1603200,0.0,0.0
CEG,2023-11-08,119.31321384334713,120.36347648736466,117.87158498393183,120.06623077392578,1730200,0.0,0.0
CEG,2023-11-07,123.29627695139723,123.82536558188183,117.56940202139644,118.76828002929688,2271500,0.0,0.0
CEG,2023-11-06,117.89636868089815,124.46939868751055,116.97491594688027,123.5836181640625,2530800,0.0,0.0
CEG,2023-11-03,117.55949098108084,117.57930383527373,115.77603173280696,115.99401092529297,1853200,0.0,0.0
CEG,2023-11-02,113.85386413260157,116.81638088213882,113.32872902058818,116.11290740966797,1894600,0.0,0.0
CEG,2023-11-01,112.54599681038023,114.31954592407376,111.79298737205056,113.79441833496094,2751300,0.0,0.0
CEG,2023-10-31,112.08031507518747,112.46672997449447,110.14823301937984,111.88214874267578,1942000,0.0,0.0
CEG,2023-10-30,110.83188243343129,112.18929332663852,110.48014195332713,111.99112701416016,1271600,0.0,0.0
CEG,2023-10-27,111.9614228662557,112.31811472968651,108.88297690441478,109.76182556152344,1128700,0.0,0.0
CEG,2023-10-26,110.97060679676707,111.99113884621799,110.11851046126436,111.68399047851562,1652700,0.0,0.0
CEG,2023-10-25,113.18012011990113,113.21974582939495,110.64364383373024,111.00033569335938,1575000,0.0,0.0
CEG,2023-10-24,112.21902260566401,114.24027374938007,112.21902260566401,113.21973419189453,1930900,0.0,0.0
CEG,2023-10-23,110.80217216293187,111.99113993792122,109.3843247273807,111.07959747314453,950800,0.0,0.0
CEG,2023-10-20,113.06121508730654,113.73496550665355,110.89134096807797,111.06968688964844,1654400,0.0,0.0
CEG,2023-10-19,114.93384549318004,115.53823959577394,113.06121706359333,113.23956298828125,981000,0.0,0.0
CEG,2023-10-18,116.25162584591784,117.55453458613444,114.74559188010608,115.00320434570312,1050700,0.0,0.0
CEG,2023-10-17,114.98339190433086,116.90555629809158,114.64651290052815,116.07328033447266,1214600,0.0,0.0
CEG,2023-10-16,113.71514626438284,116.04355347532456,113.55662075428395,115.75621795654297,1701700,0.0,0.0
CEG,2023-10-13,115.69676662093758,116.31107093829496,111.95150971275639,112.64508056640625,1699400,0.0,0.0
CEG,2023-10-12,113.85387255753787,115.09238388084617,113.40800394558295,114.65642547607422,1299700,0.0,0.0
CEG,2023-10-11,112.86305563954589,114.11939920087809,112.26856419833742,114.01239013671875,1353300,0.0,0.0
CEG,2023-10-10,109.94016686394818,112.44691245025385,109.94016686394818,111.96141815185547,1464400,0.0,0.0
CEG,2023-10-09,109.157422407452,110.46231915133545,108.95926363716687,110.3563003540039,1258400,0.0,0.0
CEG,2023-10-06,105.5707012106181,109.56366024227236,104.16374669574061,109.15742492675781,2095800,0.0,0.0
CEG,2023-10-05,105.99674388146835,107.50277014637929,105.63014185179705,106.88846588134766,1589200,0.0,0.0
CEG,2023-10-04,103.67825409801507,105.620238848561,103.26706745216337,105.18428802490234,1973900,0.0,0.0
CEG,2023-10-03,102.2613897753519,103.95567215539177,101.4637882763975,103.92594909667969,2557000,0.0,0.0
CEG,2023-10-02,107.30462110561406,107.30462110561406,101.81553816550266,103.7674331665039,2892500,0.0,0.0
CEG,2023-09-29,109.02862170312966,109.6924619093816,107.64148761117313,108.07744598388672,2867500,0.0,0.0
CEG,2023-09-28,109.75191670122703,109.95999325684271,107.83470358121424,108.31524658203125,1550700,0.0,0.0
CEG,2023-09-27,107.97837276154767,110.26713923041227,107.97837276154767,109.73210144042969,2819500,0.0,0.0
CEG,2023-09-26,110.63374464998839,110.68823189206671,106.93802348394455,107.49287414550781,2309700,0.0,0.0
CEG,2023-09-25,108.71156805024867,111.88215392455669,108.48863753021143,111.17868041992188,2115200,0.0,0.0
CEG,2023-09-22,108.45394307089899,109.72217727427727,107.61670832714339,109.34567260742188,1210500,0.0,0.0
CEG,2023-09-21,108.62238661496976,109.62310580927905,108.50349437436411,108.9295425415039,1443800,0.0,0.0
CEG,2023-09-20,109.91044042970344,110.1581426746492,108.89981859640469,109.11779022216797,924500,0.0,0.0
CEG,2023-09-19,110.06897303122001,110.35630856099283,109.28624053889263,109.52403259277344,1972100,0.0,0.0
CEG,2023-09-18,109.41503486578854,111.21830688892176,109.39522201246731,109.72218322753906,1358500,0.0,0.0
CEG,2023-09-15,111.42636967408647,111.6443488448706,108.7908218910009,108.91962432861328,4287700,0.0,0.0
CEG,2023-09-14,108.75119513586986,111.58490940711242,108.51835442216733,111.42637634277344,2308300,0.0,0.0
CEG,2023-09-13,107.78019938208598,109.078156723874,107.51268428419347,108.26569366455078,1894600,0.0,0.0
CEG,2023-09-12,108.53321937246952,109.08311867290756,107.1559954595297,107.50277709960938,1557100,0.0,0.0
CEG,2023-09-11,107.80002232264977,109.38234441805041,107.65139946065881,108.96917724609375,1820700,0.0,0.0
CEG,2023-09-08,107.23525176947676,108.65210881465516,107.23525176947676,107.6414794921875,1428100,0.0,0.0
CEG,2023-09-07,106.868661369066,109.93521649163685,106.1949109339328,107.54241180419922,1951100,0.0,0.0
CEG,2023-09-06,105.35271797599316,106.79929814285941,105.01583900054626,105.65986633300781,1337800,0.0,0.0
CEG,2023-09-05,105.57070664594855,105.7490525762125,104.18456273747982,105.07530212402344,1433200,0.0,0.0
CEG,2023-09-01,104.65915505509395,106.42280147723059,104.23310687007732,106.30390167236328,1338800,0.0,0.0
CEG,2023-08-31,104.97620866268299,105.11492131547865,102.81624477865721,103.20266723632812,2035500,0.0,0.0
CEG,2023-08-30,104.37181758396476,105.29128973702325,104.12411533122976,104.76814270019531,1167400,0.0,0.0
CEG,2023-08-29,104.2628360601004,105.19419139465921,103.83678788092982,104.56998443603516,1131500,0.0,0.0
CEG,2023-08-28,105.32794662067225,106.3633401679315,104.26283001414583,104.40154266357422,1088000,0.0,0.0
CEG,2023-08-25,105.83821527835558,106.45251956925046,104.59970404941055,104.8969497680664,1383800,0.0,0.0
CEG,2023-08-24,107.8991068775625,109.23669758098525,105.85803509764834,105.93730163574219,1498700,0.0,0.0
CEG,2023-08-23,105.96701802565207,108.25579192354536,105.96701802565207,107.44332885742188,1393500,0.0,0.0
CEG,2023-08-22,104.6888794717247,105.56573996811053,104.54025661426645,105.28336334228516,1276900,0.0,0.0
CEG,2023-08-21,103.63861904242876,105.47756331323491,103.32156046738694,105.1347427368164,1377000,0.0,0.0
CEG,2023-08-18,103.569260575754,104.56997975351065,103.54944772240499,103.80705261230469,1660800,0.0,0.0
CEG,2023-08-17,104.51053546142901,105.16941678680041,103.60889565319839,103.85659790039062,1800600,0.0,0.0
CEG,2023-08-16,105.42208031210431,105.47161622710462,104.03494618445698,104.13402557373047,1835200,0.0,0.0
CEG,2023-08-15,105.41216503168609,105.6053724772154,104.64924545580105,105.26354217529297,1709600,0.0,0.0
CEG,2023-08-14,105.48152564631755,106.61104730600285,104.7413896876137,106.01656341552734,2404000,0.0,0.0
CEG,2023-08-11,104.47089576266389,105.73615918674092,104.02502720960565,105.58059692382812,1414100,0.282,0.0
CEG,2023-08-10,104.71595936351761,105.58554278870795,103.86613594246644,104.46891784667969,1563700,0.0,0.0
CEG,2023-08-09,103.38194298138613,104.64679441842968,103.07363110861895,103.86614227294922,1646700,0.0,0.0
CEG,2023-08-08,101.74158110609537,103.6882695361412,101.74158110609537,103.56968688964844,1207300,0.0,0.0
CEG,2023-08-07,103.34241172149554,103.41158304637837,101.55877162368564,102.52223205566406,1759800,0.0,0.0
CEG,2023-08-04,100.71388414049036,103.46593026682153,100.58542526534775,102.7099838256836,2723600,0.0,0.0
CEG,2023-08-03,94.83429848651477,102.34830956744925,94.62678451750924,99.943115234375,3511000,0.0,0.0
CEG,2023-08-02,94.85406133159508,94.88865076368637,93.31252463617818,94.41927337646484,2040300,0.0,0.0
CEG,2023-08-01,95.10109004753772,95.94102960720069,94.93310364342672,95.16038513183594,1469600,0.0,0.0
CEG,2023-07-31,94.7058288618294,95.54577602008315,94.27104093446384,95.5062484741211,1170200,0.0,0.0
CEG,2023-07-28,95.1208680958592,95.51613603204126,94.13270202495842,94.60701751708984,1135900,0.0,0.0
CEG,2023-07-27,96.5734863157795,96.59324632262697,94.07341948987103,94.29081726074219,897900,0.0,0.0
CEG,2023-07-26,95.52601796574805,97.07743848808936,95.52601796574805,96.1880874633789,1243000,0.0,0.0
CEG,2023-07-25,94.81453111443687,96.99838475695556,94.76512733455141,96.36595153808594,854800,0.0,0.0
CEG,2023-07-24,95.45683633384756,95.66435029402774,94.62678049312684,95.40743255615234,1077800,0.0,0.0
CEG,2023-07-21,96.42523887071059,96.98849318202754,95.17026384467101,95.45683288574219,5081100,0.0,0.0
CEG,2023-07-20,94.36987303345641,96.16833523368145,94.1129477079643,95.74342346191406,1600300,0.0,0.0
CEG,2023-07-19,93.7077933739806,94.40939040254557,92.81844237329645,93.60897827148438,1785300,0.0,0.0
CEG,2023-07-18,94.86393590828791,95.5062453154886,92.778905047175,94.24139404296875,1925300,0.0,0.0
CEG,2023-07-17,93.3520460751564,95.7730498333968,93.3520460751564,95.04180908203125,1951400,0.0,0.0
CEG,2023-07-14,93.76707932562077,94.40445067318352,93.57833773343897,93.87577819824219,1259900,0.0,0.0
CEG,2023-07-13,94.71571625470185,94.93311399625144,93.75719396101984,94.142578125,1462400,0.0,0.0
CEG,2023-07-12,93.81649182667013,95.02205567338756,92.966668378627,94.92323303222656,1532600,0.0,0.0
CEG,2023-07-11,92.72950419796109,93.31252612353944,91.76110563149477,93.24335479736328,1260900,0.0,0.0
CEG,2023-07-10,90.29861026686315,92.52198386291393,90.29861026686315,92.49234008789062,1539300,0.0,0.0
CEG,2023-07-07,89.92310233747001,90.62469926420127,89.58712952992602,90.24919891357422,1334000,0.0,0.0
CEG,2023-07-06,90.38755788259812,90.38755788259812,88.78672602436579,89.9231185913086,2263300,0.0,0.0
CEG,2023-07-05,90.338140801503,92.1069589811194,90.26896947779102,91.04962158203125,2087300,0.0,0.0
CEG,2023-07-03,89.93299213318473,90.65434911023169,89.26103893397047,90.51600646972656,1089100,0.0,0.0
CEG,2023-06-30,90.96068150088473,91.19783922520287,89.96263174984652,90.46659851074219,2666400,0.0,0.0
CEG,2023-06-29,89.43890685334051,90.2640245594076,89.07328271892472,89.79464721679688,1738700,0.0,0.0
CEG,2023-06-28,89.82431126038696,89.82431126038696,88.64839104143005,89.47845458984375,1605400,0.0,0.0
CEG,2023-06-27,89.89346208946493,89.93792775001128,88.91517986190392,89.7748794555664,1472800,0.0,0.0
CEG,2023-06-26,89.18198709830033,90.1207418415863,88.62861651607774,89.55748748779297,1890400,0.0,0.0
CEG,2023-06-23,88.57919920882145,89.62665275124509,88.06535620851218,89.29067993164062,2875900,0.0,0.0
CEG,2023-06-22,89.42903239787125,89.61184071456746,86.82521260329209,88.1938247680664,3205600,0.0,0.0
CEG,2023-06-21,89.80453177314452,89.95770385033497,88.12959054790602,89.42903137207031,2684900,0.0,0.0
CEG,2023-06-20,92.0278987354396,92.25518023726441,90.80257498149786,90.9013900756836,1846900,0.0,0.0
CEG,2023-06-16,92.48246185183129,93.40145662810086,91.64252217309456,91.7907485961914,4963400,0.0,0.0
CEG,2023-06-15,92.61092920627443,92.64057298337165,91.85992085033868,92.35400390625,3712300,0.0,0.0
CEG,2023-06-14,93.41133912287073,93.87577839063974,91.67216469647258,92.09707641601562,2573200,0.0,0.0
CEG,2023-06-13,92.84808972781889,94.20188005542042,92.48246554147443,93.13465881347656,2429900,0.0,0.0
CEG,2023-06-12,91.89944702148438,92.90737312322172,91.7808643757645,92.64057159423828,1720700,0.0,0.0
CEG,2023-06-09,91.20772998358603,92.66032775304107,91.00020847741233,92.1860122680664,2530100,0.0,0.0
CEG,2023-06-08,90.407313494525,91.37374433372003,89.98240177411317,91.20773315429688,3075700,0.0,0.0
CEG,2023-06-07,88.49028288445955,89.80453815111292,88.07524736640686,89.73536682128906,2452100,0.0,0.0
CEG,2023-06-06,86.10879615406773,88.82625301753215,86.10879615406773,88.49028015136719,2311500,0.0,0.0
CEG,2023-06-05,86.78074006616184,87.75902232055022,86.14831441290991,86.47441101074219,1819000,0.0,0.0
CEG,2023-06-02,87.61080755248592,87.99619171739408,86.23724977657955,86.50405883789062,3225600,0.0,0.0
CEG,2023-06-01,83.8705987306603,88.10686938466507,83.78660551585878,87.82820129394531,3646900,0.0,0.0
CEG,2023-05-31,82.54150420446555,83.54943773941461,81.47428312244004,83.02570343017578,5214700,0.0,0.0
CEG,2023-05-30,82.86760573154044,84.03858009075434,82.15118685159567,82.7094955444336,2198200,0.0,0.0
CEG,2023-05-26,81.96836849393131,82.95653451574655,81.33594284309822,82.85771942138672,2267100,0.0,0.0
CEG,2023-05-25,82.21541605063284,82.21541605063284,80.93080465118767,81.77074432373047,1863100,0.0,0.0
CEG,2023-05-24,83.04547647854149,83.37157308730133,81.57311116201652,82.32411193847656,2430300,0.0,0.0
CEG,2023-05-23,82.3735180127005,83.55931419201265,82.18082594508458,83.04547119140625,2232200,0.0,0.0
CEG,2023-05-22,81.75097563802325,82.9664155833486,81.33594019266289,82.54150390625,1908300,0.0,0.0
CEG,2023-05-19,80.76281831987872,82.2500055798484,80.5651805772706,81.3260726928711,2407100,0.0,0.0
CEG,2023-05-18,79.32008928714392,80.50589312698185,78.62046750954552,80.43672180175781,2849300,0.0,0.0
CEG,2023-05-17,78.15404843061101,79.67582503584836,77.7785480497506,79.43866729736328,2329500,0.0,0.0
CEG,2023-05-16,79.24105236689336,79.24105236689336,77.40306257664467,78.06513214111328,3709100,0.0,0.0
CEG,2023-05-15,79.67583931800266,80.13039487287487,78.24300131979919,79.32009887695312,2048300,0.0,0.0
CEG,2023-05-12,78.50979946663729,79.43867808221522,77.92678504306193,78.90506744384766,1991000,0.0,0.0
CEG,2023-05-11,77.65009756734854,78.60861993529124,77.3141171573488,78.18370819091797,2497400,0.282,0.0
CEG,2023-05-10,78.62501332326111,78.8908754387934,77.53696942269595,78.23607635498047,1629400,0.0,0.0
CEG,2023-05-09,76.78370250762879,77.88651564158687,76.61630478920925,77.73881530761719,3158300,0.0,0.0
CEG,2023-05-08,78.51668446528893,78.6249975258024,76.882154891599,77.50248718261719,2360100,0.0,0.0
CEG,2023-05-05,77.90621932416498,79.21581002661071,77.07910189447918,78.27053833007812,2359300,0.0,0.0
CEG,2023-05-04,75.79905195416113,79.13704531159313,73.76080815615087,77.38434600830078,3830400,0.0,0.0
CEG,2023-05-03,76.01567519596193,76.40954031605365,74.98178770711752,75.33626556396484,1607000,0.0,0.0
CEG,2023-05-02,75.55288423193866,76.21260392279362,74.78484394368411,75.6119613647461,2554000,0.0,0.0
CEG,2023-05-01,76.33074903700262,76.45875949254014,75.58241373665554,75.86796569824219,1788300,0.0,0.0
CEG,2023-04-28,75.72026367566663,76.2815188945318,75.12946989460073,76.21259307861328,2233400,0.0,0.0
CEG,2023-04-27,75.09993880361407,76.05505923786752,74.81439430380304,75.57257843017578,1865700,0.0,0.0
CEG,2023-04-26,75.33626553761947,75.78920779624325,74.3023705367843,74.69623565673828,3100600,0.0,0.0
CEG,2023-04-25,75.4642648840893,75.9565943822957,74.67653468201827,75.74981689453125,1722400,0.0,0.0
CEG,2023-04-24,75.25747895097273,76.14859404074956,74.44021027269906,76.10428619384766,1094300,0.0,0.0
CEG,2023-04-21,75.64150311972698,75.78427536748053,74.79469578948355,75.37564849853516,1178900,0.0,0.0
CEG,2023-04-20,73.5934116230262,75.39533939761856,73.54418318039292,75.296875,1926900,0.0,0.0
CEG,2023-04-19,73.81988239571777,74.24328604306135,73.36004384321606,73.60325622558594,1039300,0.0,0.0
CEG,2023-04-18,74.18420213449377,74.78484469860452,73.03215295900988,73.33740234375,1235200,0.0,0.0
CEG,2023-04-17,75.40518490283901,75.64642153995182,73.51464150403064,73.88880920410156,1093300,0.0,0.0
CEG,2023-04-14,75.14917896811619,75.45934897518234,74.34175884145803,75.25749206542969,1328400,0.0,0.0
CEG,2023-04-13,75.51350281944512,76.3996899295783,75.00147592096376,75.95659637451172,1324700,0.0,0.0
CEG,2023-04-12,76.73447357923666,76.75416345313687,75.48395999690031,75.63165283203125,1171100,0.0,0.0
CEG,2023-04-11,76.5670801162366,76.61630855507882,75.99105554655782,76.23229217529297,1371500,0.0,0.0
CEG,2023-04-10,75.35594660992767,76.18306401644189,74.69622693067622,76.1436767578125,1485500,0.0,0.0
CEG,2023-04-06,75.43471356335529,75.79904003488255,74.99162009481867,75.77934265136719,1223000,0.0,0.0
CEG,2023-04-05,74.71593227835137,75.93691501168769,74.51900345676965,75.32642364501953,1204800,0.0,0.0
CEG,2023-04-04,75.49379719208721,75.78919787145732,73.96758038161188,74.85376739501953,1316200,0.0,0.0
CEG,2023-04-03,76.80339911320988,77.34496454779499,75.30672079490003,75.44457244873047,1894900,0.0,0.0
CEG,2023-03-31,75.64150318978385,77.39419498719174,75.55288748675513,77.29573059082031,2984400,0.0,0.0
CEG,2023-03-30,75.51350703417697,76.25200134207458,74.83408986695834,75.64151000976562,1737800,0.0,0.0
CEG,2023-03-29,75.11963327585585,75.38548789073936,74.26790537533171,74.7159194946289,2299500,0.0,0.0
CEG,2023-03-28,73.91834829785859,75.63165279572065,73.70565859560936,74.35160064697266,1752200,0.0,0.0
CEG,2023-03-27,72.31335987794688,74.26790860782772,72.31335987794688,74.11528015136719,3225500,0.0,0.0
CEG,2023-03-24,71.44684982265882,72.39212149749343,70.06833332541134,72.3133544921875,2777200,0.0,0.0
CEG,2023-03-23,73.52446964995221,73.97741178942827,71.65361645656824,72.27395629882812,1655400,0.0,0.0
CEG,2023-03-22,75.09994576256278,75.15903041657793,73.25863806545794,73.27832794189453,1863400,0.0,0.0
CEG,2023-03-21,76.3898434531391,76.91171149677501,74.80454193623473,75.34609985351562,2045700,0.0,0.0
CEG,2023-03-20,75.87781034375529,77.22679570411081,75.73011752269714,75.81873321533203,1629500,0.0,0.0
CEG,2023-03-17,76.52770047681116,77.25634605044182,74.81931647075558,75.59226989746094,3896500,0.0,0.0
CEG,2023-03-16,75.44456877886473,77.82744155042525,74.86361611253723,77.22679901123047,1962900,0.0,0.0
CEG,2023-03-15,76.10428949918311,76.6852346611758,75.17870770227115,76.1436767578125,1957000,0.0,0.0
CEG,2023-03-14,76.31107052260619,77.88652337931221,75.98613125806162,76.7344741821289,2142800,0.0,0.0
CEG,2023-03-13,75.74980797443806,77.39911460415239,75.31655566308243,75.91719818115234,2242400,0.0,0.0
CEG,2023-03-10,77.97513809796746,78.55608322369032,76.05504879950587,76.36029815673828,2895700,0.0,0.0
CEG,2023-03-09,76.84276948692589,78.9597872946074,76.2125884900835,77.43356323242188,3110500,0.0,0.0
CEG,2023-03-08,76.55722392844729,77.2464821035702,75.91719418734704,76.872314453125,1261600,0.0,0.0
CEG,2023-03-07,77.85698232691462,77.85698232691462,76.13382917656727,76.7049331665039,2203900,0.0,0.0
CEG,2023-03-06,77.15787316183301,77.66989249207529,76.1633655544638,77.59112548828125,2295000,0.0,0.0
CEG,2023-03-03,75.06056667988014,77.9849979035731,74.83409178089747,77.76837921142578,2304600,0.0,0.0
CEG,2023-03-02,72.99276809073592,75.55288746993452,72.86476512671675,75.01132202148438,1949900,0.0,0.0
CEG,2023-03-01,72.99277017673386,74.23344264077909,71.71271796290493,73.20939636230469,2594400,0.0,0.0
CEG,2023-02-28,76.61629837267928,76.79353725612913,73.25861579088259,73.74109649658203,3584800,0.0,0.0
CEG,2023-02-27,78.20161199937598,78.87118038581303,76.79847750315645,77.167724609375,1326200,0.0,0.0
CEG,2023-02-24,76.53753369428512,78.19176081908468,76.29136898828726,78.05390167236328,1529100,0.282,0.0
CEG,2023-02-23,76.52999617470908,77.94776311211105,76.52999617470908,77.72700500488281,1584900,0.0,0.0
CEG,2023-02-22,77.81530764141625,77.81530764141625,74.96015389672333,76.33377075195312,3341000,0.0,0.0
CEG,2023-02-21,80.07197549750569,81.4455925424543,78.39420311950519,78.8553466796875,5056000,0.0,0.0
CEG,2023-02-17,83.59430990819403,84.41848308284808,80.35650650545166,82.9565658569336,3570700,0.0,0.0
CEG,2023-02-16,83.39806543210591,86.26303247158039,83.32448189802697,84.01618957519531,3037600,0.0,0.0
CEG,2023-02-15,82.90749379318922,84.85508463084838,82.77013286385989,84.3890380859375,2030600,0.0,0.0
CEG,2023-02-14,84.30073415724684,85.95103409888172,83.54524901185056,84.43809509277344,2383100,0.0,0.0
CEG,2023-02-13,85.25246355695013,85.65474025746488,84.32037032668042,84.76188659667969,1173500,0.0,0.0
CEG,2023-02-10,82.62296687739922,85.36038708566085,82.5837198241441,85.17396545410156,1350300,0.0,0.0
CEG,2023-02-09,83.32939291664296,83.8494032353369,82.34823911213078,82.8290023803711,1975000,0.0,0.0
CEG,2023-02-08,83.15278783642519,83.39807629611967,82.55428339592191,82.7505111694336,2005900,0.0,0.0
CEG,2023-02-07,81.75954847573534,84.6441355760503,80.77839466943283,84.310546875,2032900,0.0,0.0
CEG,2023-02-06,81.44558372824514,82.26974937465499,80.95500679996978,81.69087219238281,1502000,0.0,0.0
CEG,2023-02-03,82.78975798060202,83.55506426053633,81.48482906788405,81.63199615478516,1807200,0.0,0.0
CEG,2023-02-02,83.86903737282208,85.04641904042859,82.17654093292386,83.72186279296875,2389600,0.0,0.0
CEG,2023-02-01,83.84449649723919,84.25167620659167,81.31311799566944,83.80034637451172,2623400,0.0,0.0
CEG,2023-01-31,81.31802463836222,83.88865030148442,80.82744773601435,83.75128936767578,2509000,0.0,0.0
CEG,2023-01-30,84.30072661988325,85.2131998875022,80.69989423011309,80.8470687866211,3045800,0.0,0.0
CEG,2023-01-27,84.2614910274525,85.02679732821267,83.24109011204885,84.94830322265625,1455100,0.0,0.0
CEG,2023-01-26,82.05389370762944,84.44791149489323,81.71049135755713,84.26148986816406,2161100,0.0,0.0
CEG,2023-01-25,81.84785922589298,81.98522017754931,80.93538576954133,81.82823944091797,1535200,0.0,0.0
CEG,2023-01-24,82.41692116165369,82.64258983469311,81.41614755550184,82.32862091064453,1176000,0.0,0.0
CEG,2023-01-23,81.36708789909208,82.70145771457595,81.00209705529726,82.55428314208984,1596200,0.0,0.0
CEG,2023-01-20,79.5912090730671,81.53388965219197,78.93383025439984,81.43577575683594,1795100,0.0,0.0
CEG,2023-01-19,80.06215394849545,80.2485755783841,79.23307773423478,79.31647491455078,1635500,0.0,0.0
CEG,2023-01-18,81.7497390791486,82.91731456456418,80.2289476063066,80.30744171142578,2084900,0.0,0.0
CEG,2023-01-17,82.34824135753544,83.41769544052215,81.43576799503417,81.79879760742188,2763600,0.0,0.0
CEG,2023-01-13,82.23049021118827,84.08978068745651,81.87727427600296,83.5550537109375,1366200,0.0,0.0
CEG,2023-01-12,82.29918130186894,83.20184852260799,81.21009994197672,82.7505111694336,1496700,0.0,0.0
CEG,2023-01-11,81.4357600631178,82.7848464497056,80.88631636652055,82.52484130859375,1696200,0.0,0.0
CEG,2023-01-10,81.82823591311062,81.91653617010697,80.0425361329535,81.51426696777344,1376700,0.0,0.0
CEG,2023-01-09,82.26974133233722,83.60411104565303,82.0048331106331,82.41691589355469,1301500,0.0,0.0
CEG,2023-01-06,82.04408698108097,83.55506479636972,81.51426300801013,81.92634582519531,1914100,0.0,0.0
CEG,2023-01-05,81.35727086306001,82.33842465779718,80.34178057802391,80.85688781738281,1906300,0.0,0.0
CEG,2023-01-04,80.40555205721824,82.16181828242387,79.75799443254222,81.83804321289062,2612200,0.0,0.0
CEG,2023-01-03,84.37923351739755,84.49697467759027,79.26742271072145,80.36631774902344,4030600,0.0,0.0
CEG,2022-12-30,84.96791548699376,84.96791548699376,83.51581209075376,84.58526611328125,1343300,0.0,0.0
CEG,2022-12-29,85.51736908928852,86.03737940734347,84.65394895158873,85.13471221923828,870800,0.0,0.0
CEG,2022-12-28,86.29247227430902,86.67512165106842,84.7913081830823,84.97772979736328,752000,0.0,0.0
CEG,2022-12-27,86.77326083809014,87.23440440878726,85.62530498645293,85.98833465576172,634400,0.0,0.0
CEG,2022-12-23,85.87057890348126,86.56720470196916,85.48792951310598,86.38078308105469,600700,0.0,0.0
CEG,2022-12-22,87.4502383610195,87.69062374470559,84.8992398946591,85.68416595458984,1548300,0.0,0.0
CEG,2022-12-21,86.33172265266991,88.47063828283684,85.07584695892228,87.96044158935547,1409500,0.0,0.0
CEG,2022-12-20,86.34153060506084,86.4592717507052,85.48302106779461,85.90982055664062,1306600,0.0,0.0
CEG,2022-12-19,86.71437364590108,86.99890915764799,85.36038404212142,86.07662963867188,1238100,0.0,0.0
CEG,2022-12-16,86.48871230240371,86.93022853518622,84.31054958470926,86.53776550292969,3911700,0.0,0.0
CEG,2022-12-15,89.09857226014678,89.13781930957309,87.74458274018089,88.00949096679688,2245100,0.0,0.0
CEG,2022-12-14,89.81482355830592,90.55068893950566,88.1861045881578,89.13782501220703,2561600,0.0,0.0
CEG,2022-12-13,90.24652817990747,90.96276624896817,88.68648977370157,89.12800598144531,1629900,0.0,0.0
CEG,2022-12-12,88.28422673956742,89.20650626859195,87.3913731427431,89.1672592163086,1554100,0.0,0.0
CEG,2022-12-09,89.63821305520423,90.12878996225521,87.99968798220024,88.02912139892578,1384600,0.0,0.0
CEG,2022-12-08,90.58993851038326,91.23259309680311,89.21632159682704,89.6872787475586,1002400,0.0,0.0
CEG,2022-12-07,89.16725567727336,91.44353222009431,88.88272017371956,90.2367172241211,1237200,0.0,0.0
CEG,2022-12-06,88.16647790614812,89.167251452603,88.10761107565347,89.06913757324219,1237500,0.0,0.0
CEG,2022-12-05,89.2948096490206,89.88350043331647,88.1076144464346,88.36270904541016,2397000,0.0,0.0
CEG,2022-12-02,91.23749786154694,91.72807480507592,89.32425077602801,90.30540466308594,1848700,0.0,0.0
CEG,2022-12-01,95.17192376387982,95.93722257170622,92.11072104696434,92.68960571289062,1748600,0.0,0.0
CEG,2022-11-30,92.365814456918,95.11304798181969,91.99297872257655,94.30850219726562,3361800,0.0,0.0
CEG,2022-11-29,92.90545455881674,93.31753735313158,91.56127117476,92.65035247802734,1436200,0.0,0.0
CEG,2022-11-28,94.25944156540861,94.7696382277072,92.60128931312217,93.02318572998047,1590100,0.0,0.0
CEG,2022-11-25,94.77945200079367,95.61343120215247,94.19076124016448,95.32890319824219,631700,0.0,0.0
CEG,2022-11-23,94.22020286135815,96.04514961817677,92.63564149220993,94.79908752441406,1135900,0.0,0.0
CEG,2022-11-22,92.77790111475265,94.54398095246371,92.3167576301498,94.45567321777344,1567600,0.0,0.0
CEG,2022-11-21,92.29713635096505,92.4443109159891,91.01182728668097,91.62995147705078,1744800,0.0,0.0
CEG,2022-11-18,88.42159434510597,91.67902507407648,88.32936413956811,91.54166412353516,2515700,0.0,0.0
CEG,2022-11-17,88.72573337195469,89.73632053060699,87.19513592666455,88.35289764404297,1792500,0.0,0.0
CEG,2022-11-16,92.53262640119164,92.73866783191087,89.55973113771174,89.95219421386719,1384600,0.0,0.0
CEG,2022-11-15,92.72884428924769,92.96431909652954,90.90389769019268,91.73787689208984,2537200,0.0,0.0
CEG,2022-11-14,90.26614987373969,92.93488941553038,90.26614987373969,92.14996337890625,1997000,0.141,0.0
CEG,2022-11-11,93.35133658398792,93.91953834314324,89.74130988550559,90.43196105957031,3133200,0.0,0.0
CEG,2022-11-10,88.65879212746557,93.8901471029625,86.40558226604755,93.20439147949219,4885600,0.0,0.0
CEG,2022-11-09,85.22999056959655,88.09058156272813,84.57362347050625,85.57286834716797,2241500,0.0,0.0
CEG,2022-11-08,87.73791037362477,91.21079346303343,84.32871473308602,85.7590103149414,4345400,0.0,0.0
CEG,2022-11-07,93.12601505615872,93.12601505615872,91.0687407605396,91.5977554321289,2120300,0.0,0.0
CEG,2022-11-04,93.15540847856776,94.2526249826491,90.8581233351154,92.40107727050781,1974300,0.0,0.0
CEG,2022-11-03,90.28503345061021,93.50809271805366,90.28503345061021,92.4892578125,1484400,0.0,0.0
CEG,2022-11-02,92.75375397105894,94.3309994297035,91.08834313264995,91.19609832763672,1966100,0.0,0.0
CEG,2022-11-01,93.30235789980901,94.28201308662736,92.0924831461543,93.57666015625,1467400,0.0,0.0
CEG,2022-10-31,92.22472887934595,93.47868618922382,91.47529333908027,92.61659240722656,2276600,0.0,0.0
CEG,2022-10-28,91.00016263286024,93.31410752593229,89.95193196340277,91.84266662597656,1958000,0.0,0.0
CEG,2022-10-27,87.9779251881362,91.2450739989951,87.9779251881362,91.14710998535156,3345800,0.0,0.0
CEG,2022-10-26,87.85547655434533,87.85547655434533,85.5532883837017,86.97378540039062,1370100,0.0,0.0
CEG,2022-10-25,85.71982816855501,86.75826026663208,84.98508678425311,86.35660552978516,1647200,0.0,0.0
CEG,2022-10-24,85.78643800764371,85.92554735670987,83.82908605448738,85.7981948852539,1325000,0.0,0.0
CEG,2022-10-21,82.97678341455287,85.68063356488574,81.95794869477402,85.5042953491211,1749200,0.0,0.0
CEG,2022-10-20,84.6128186745018,84.96549512926309,82.46737148706661,82.83963775634766,2076500,0.0,0.0
CEG,2022-10-19,83.35885618254325,84.47566997073677,82.83964012987245,83.9466552734375,1325800,0.0,0.0
CEG,2022-10-18,84.74017083811071,85.62186197172387,82.79065917402626,84.74996948242188,1598900,0.0,0.0
CEG,2022-10-17,81.52690340026962,84.5344444347262,81.44852919387009,83.45682525634766,1678900,0.0,0.0
CEG,2022-10-14,82.49676076038813,83.03557409219725,79.06796767405025,79.60678100585938,1693300,0.0,0.0
CEG,2022-10-13,78.92101487179426,82.60452025293075,77.68665478954559,82.11469268798828,2746500,0.0,0.0
CEG,2022-10-12,81.4191182495811,81.88934840976388,80.01821146232328,80.48844909667969,1878400,0.0,0.0
CEG,2022-10-11,82.69268027441748,83.58416241776035,80.87052141753941,81.19380187988281,1534200,0.0,0.0
CEG,2022-10-10,83.2216925108605,83.88785823584705,82.22244766046809,82.99637603759766,982800,0.0,0.0
CEG,2022-10-07,83.96623242515567,84.00541952358368,81.67384322342795,82.67308807373047,2017200,0.0,0.0
CEG,2022-10-06,86.43496711975315,88.07980128822199,84.20134735924137,84.5246353149414,1677300,0.0,0.0
CEG,2022-10-05,85.89614609525442,87.64972934816984,83.8486633684211,86.37617492675781,1766700,0.0,0.0
CEG,2022-10-04,86.50355743881855,87.64484917335855,85.38675110501958,87.52239227294922,1679100,0.0,0.0
CEG,2022-10-03,83.30007143889621,85.14182779891024,82.16367541653722,84.82833099365234,2026700,0.0,0.0
CEG,2022-09-30,81.58567055400455,82.73186515726493,80.54723860310283,81.49750518798828,3267800,0.0,0.0
CEG,2022-09-29,83.31967195719098,84.45606802361588,80.40029637551187,81.3505630493164,1823700,0.0,0.0
CEG,2022-09-28,82.39878574737348,83.78989410589828,81.48770626413614,83.29026794433594,1564300,0.0,0.0
CEG,2022-09-27,81.98734021554249,83.67724381983591,81.38974998835141,82.26164245605469,1777800,0.0,0.0
CEG,2022-09-26,81.96773535919722,83.22169261385918,79.9888354680916,81.23299407958984,1973300,0.0,0.0
CEG,2022-09-23,82.08040861474295,82.6241100364201,80.4835659701471,82.14408111572266,2678800,0.0,0.0
CEG,2022-09-22,86.2096589496116,86.2096589496116,82.9082181832242,83.64295959472656,1863300,0.0,0.0
CEG,2022-09-21,86.98357663280369,88.25712376961485,85.4553170789602,85.5042953491211,2155100,0.0,0.0
CEG,2022-09-20,86.6113052196944,88.34529134276205,85.77859246072245,85.96472930908203,4626000,0.0,0.0
CEG,2022-09-19,83.66254378051484,87.87505606215065,83.51559402639586,87.54197692871094,4407400,0.0,0.0
CEG,2022-09-16,84.8479285009133,85.0928422750242,83.16585789002977,83.82908630371094,6245600,0.0,0.0
CEG,2022-09-15,86.0920947932666,86.46436854628752,84.55403645488916,85.03407287597656,3631800,0.0,0.0
CEG,2022-09-14,84.62260674063187,86.7288667475921,84.5050529094739,86.25863647460938,3600300,0.0,0.0
CEG,2022-09-13,85.13203688010593,86.23904454596597,84.02502174006999,84.62261199951172,1974200,0.0,0.0
CEG,2022-09-12,86.75825762839126,86.85622912265966,85.68063845901976,86.33700561523438,1733800,0.0,0.0
CEG,2022-09-09,84.74016812043057,86.02351393953563,83.69683302293421,85.72962188720703,1905300,0.0,0.0
CEG,2022-09-08,81.18401806883736,84.20134999392657,81.18401806883736,84.04460906982422,2184400,0.0,0.0
CEG,2022-09-07,80.91950230187017,82.74166121774446,80.02213795427465,81.2134017944336,1759100,0.0,0.0
CEG,2022-09-06,80.03782903065452,81.0174842573415,79.43044757358139,80.58644104003906,2013300,0.0,0.0
CEG,2022-09-02,80.89992033893384,81.9873381030715,79.31287637863623,79.42063903808594,2232200,0.0,0.0
CEG,2022-09-01,79.93005360327166,81.25259392760105,79.50880909822382,80.84113311767578,2421100,0.0,0.0
CEG,2022-08-31,78.62713315602971,80.71379616635714,77.95116863579025,79.93006896972656,3016500,0.0,0.0
CEG,2022-08-30,79.92026551292548,79.92026551292548,77.37316372669018,78.06871795654297,1802800,0.0,0.0
CEG,2022-08-29,78.02954060311161,80.32193025484621,77.5397129878682,79.3520736694336,1191200,0.0,0.0
CEG,2022-08-26,81.05666135211531,81.53669773531018,78.96020002387031,79.1855239868164,1641000,0.0,0.0
CEG,2022-08-25,78.38221656654443,81.14484399931148,78.14219834595629,81.05667114257812,1551700,0.0,0.0
CEG,2022-08-24,78.0393470420128,79.17084775036041,77.69646169775729,78.73490142822266,1430200,0.0,0.0
CEG,2022-08-23,78.63691985834285,79.24430877492298,77.98055266611698,78.12750244140625,1065800,0.0,0.0
CEG,2022-08-22,79.10716801478176,79.10716801478176,77.90218866845741,78.02954864501953,1724600,0.0,0.0
CEG,2022-08-19,78.67610408664305,79.62637079470178,78.225463606629,79.19532012939453,1704000,0.0,0.0
CEG,2022-08-18,77.80420156509514,80.47376005707704,77.80420156509514,79.93984985351562,1939600,0.0,0.0
CEG,2022-08-17,78.78388241438402,79.7929262413263,77.49073763557436,78.07852935791016,2502200,0.0,0.0
CEG,2022-08-16,79.45001987965391,80.43947353331346,79.25409186716716,79.7439193725586,1878800,0.0,0.0
CEG,2022-08-15,78.61732710259827,80.75297566429008,78.61732710259827,79.5479965209961,1980100,0.0,0.0
CEG,2022-08-12,78.02952058180135,80.01821899354854,77.43193044660376,79.84188079833984,2170800,0.141,0.0
CEG,2022-08-11,75.41586842713201,78.29089765460378,74.98558879737433,77.08808135986328,2540200,0.0,0.0
CEG,2022-08-10,74.36951491281926,75.4940972244865,73.83166535965144,75.4158706665039,2134600,0.0,0.0
CEG,2022-08-09,74.07614986016807,75.07360760523282,73.36227741044347,74.04681396484375,2945700,0.0,0.0
CEG,2022-08-08,75.30829703947039,75.91459200315033,73.31337442363206,74.21304321289062,3183600,0.0,0.0
CEG,2022-08-05,68.21850784084987,74.3010650233454,68.20872672290308,72.65818786621094,4216800,0.0,0.0
CEG,2022-08-04,64.06242213164703,66.85922506894659,64.06242213164703,65.96932983398438,2425900,0.0,0.0
CEG,2022-08-03,65.15765399952477,65.89108102209809,64.09174364123815,65.68572235107422,2286700,0.0,0.0
CEG,2022-08-02,63.857055632246315,65.31412871083782,63.55390069180991,64.38511657714844,1722900,0.0,0.0
CEG,2022-08-01,64.59048662073262,65.1283287150287,62.71290746706901,63.857059478759766,2735200,0.0,0.0
CEG,2022-07-29,62.439107212169795,65.1283405549562,62.23374847038126,64.63938903808594,3895200,0.0,0.0
CEG,2022-07-28,61.197166919333135,64.48292134861325,60.815781644531576,63.16274642944336,8460600,0.0,0.0
CEG,2022-07-27,53.81399653764911,54.52786522218142,52.98278054713434,54.302947998046875,1557200,0.0,0.0
CEG,2022-07-26,54.17582036676106,55.417753726077216,53.67708781517115,54.27360916137695,1993500,0.0,0.0
CEG,2022-07-25,52.78719625788569,53.843333143736395,52.1906749127741,53.745540618896484,1847700,0.0,0.0
CEG,2022-07-22,53.57929148876186,54.37139031285187,52.23956206235259,52.80674743652344,1503100,0.0,0.0
CEG,2022-07-21,52.66984478380748,53.64285701382132,52.131998996230124,52.96321487426758,1816800,0.0,0.0
CEG,2022-07-20,53.94111634149378,54.122029695874346,52.19066949771318,52.87520217895508,2803600,0.0,0.0
CEG,2022-07-19,54.21493243391028,54.27360794760964,52.972995371965226,53.7846565246582,2326200,0.0,0.0
CEG,2022-07-18,55.085266775633656,55.41775014802223,53.38371425419289,53.598854064941406,2583100,0.0,0.0
CEG,2022-07-15,53.74554380625927,55.394288941844934,51.4768093210742,54.430076599121094,5186100,0.0,0.0
CEG,2022-07-14,57.001955815742676,57.66693002643952,55.82847169507746,56.64012908935547,2608600,0.0,0.0
CEG,2022-07-13,56.865050147725995,58.94798045644194,56.865050147725995,58.498146057128906,1577200,0.0,0.0
CEG,2022-07-12,58.09721117503126,59.75964685212056,57.618037112363005,57.92118835449219,1808400,0.0,0.0
CEG,2022-07-11,58.33190762255962,58.81107793929893,57.11930642373546,58.51770782470703,1774700,0.0,0.0
CEG,2022-07-08,57.6375952891216,58.48837349367344,56.15118244105341,58.3319091796875,2096000,0.0,0.0
CEG,2022-07-07,56.29786185515053,58.5763770870823,56.29786185515053,57.8038330078125,1872100,0.0,0.0
CEG,2022-07-06,53.91178134617101,55.955598307113334,53.354377059587016,55.505760192871094,1716600,0.0,0.0
CEG,2022-07-05,55.887146888997066,56.10228296977355,51.72127884388169,53.72597885131836,2696000,0.0,0.0
CEG,2022-07-01,55.46665003374978,56.80637587412453,55.368857511939375,56.32720184326172,1531900,0.0,0.0
CEG,2022-06-30,55.64267474494369,57.53393704353673,55.30040650251054,55.99471664428711,2424400,0.0,0.0
CEG,2022-06-29,56.679248045344295,56.86993880183655,55.07548797515135,56.04361343383789,1412200,0.0,0.0
CEG,2022-06-28,58.51770774742554,59.564063517343605,56.55212462489259,56.796600341796875,1401700,0.0,0.0
CEG,2022-06-27,57.813616883306445,58.54802140471754,57.12908412522519,58.10698699951172,1718900,0.0,0.0
CEG,2022-06-24,57.53980162021696,59.00665583854635,56.6988046048436,57.97007751464844,6473700,0.0,0.0
CEG,2022-06-23,58.556823969587604,59.87699133094749,56.51300685454972,57.35400390625,2667600,0.0,0.0
CEG,2022-06-22,57.970079487666986,59.094669252156336,57.56425264188991,57.90162658691406,3233400,0.0,0.0
CEG,2022-06-21,56.81615528570202,59.5933995872268,56.81615528570202,59.0457763671875,4363600,0.0,0.0
CEG,2022-06-17,57.256211511559655,58.185219971470524,54.25894059883163,56.81615447998047,6478700,0.0,0.0
CEG,2022-06-16,55.085265355997166,57.06062568769508,54.84078966113917,56.97261428833008,4837000,0.0,0.0
CEG,2022-06-15,54.469190872097435,58.23900600677927,54.449632366953146,56.91394805908203,3891700,0.0,0.0
CEG,2022-06-14,54.79189571638709,55.23195274677174,52.14177987731989,53.237030029296875,2330400,0.0,0.0
CEG,2022-06-13,56.98240113264373,57.68649239833433,53.98023959646239,54.254051208496094,2113200,0.0,0.0
CEG,2022-06-10,58.5274828174321,59.71074807550612,57.901625603801385,58.46881103515625,1540800,0.0,0.0
CEG,2022-06-09,62.840044038855496,63.0356216394994,59.80854273362809,59.85743713378906,1811000,0.0,0.0
CEG,2022-06-08,64.97186370421122,65.00119959415926,61.73500412889925,63.33876037597656,1922200,0.0,0.0
CEG,2022-06-07,64.07219105941019,65.22611671382161,63.721130265160184,65.07943725585938,2721700,0.0,0.0
CEG,2022-06-06,64.1210860094533,65.46081552532377,63.940176379724186,64.92296600341797,2033200,0.0,0.0
CEG,2022-06-03,61.86213276521437,64.36556540883733,61.725226962823086,63.72992706298828,1793500,0.0,0.0
CEG,2022-06-02,62.28262926690376,62.703131508366575,60.61041633989183,62.341304779052734,1758500,0.0,0.0
CEG,2022-06-01,61.00157800496458,62.5075454891768,60.77666080751991,62.24351501464844,2008600,0.0,0.0
CEG,2022-05-31,64.09174888932398,64.9229647574759,60.01389237009582,60.70820617675781,7389300,0.0,0.0
CEG,2022-05-27,61.0211304020111,65.16743579019331,60.629967827094546,65.1283187866211,2793800,0.0,0.0
CEG,2022-05-26,57.87229072152108,61.649928400741075,57.862509604035765,61.08959197998047,3260100,0.0,0.0
CEG,2022-05-25,55.623119624416645,58.028759933524896,55.623119624416645,57.86251449584961,1974700,0.0,0.0
CEG,2022-05-24,55.30040475530682,56.09250739721087,53.8531090023884,55.52532196044922,1682300,0.0,0.0
CEG,2022-05-23,56.22941057533859,56.31742197589002,54.62565059231517,55.34929656982422,1581800,0.0,0.0
CEG,2022-05-20,56.23919047983525,57.63759183431575,54.26383003306744,55.398197174072266,2266200,0.0,0.0
CEG,2022-05-19,55.86758520997964,56.23918556947508,53.706417295131025,55.96537399291992,2181100,0.0,0.0
CEG,2022-05-18,58.106986119586246,58.92353784235689,55.67201008851203,56.01427459716797,4609100,0.0,0.0
CEG,2022-05-17,55.59377598224411,58.16566154316314,54.743001540341346,58.00919723510742,2215100,0.0,0.0
CEG,2022-05-16,53.2174721571947,55.86759175816872,53.13924186775376,55.33952331542969,1631900,0.0,0.0
CEG,2022-05-13,53.32504051856356,54.66574745707144,52.44493020332922,53.40327453613281,2317500,0.0,0.0
CEG,2022-05-12,56.043602293658495,56.57166689029893,51.90707452596012,52.288455963134766,3785600,0.141,0.0
CEG,2022-05-11,55.710773030715146,57.5837301497195,55.14498157524403,55.96440124511719,1877000,0.0,0.0
CEG,2022-05-10,56.822839951115164,58.403147934419295,55.344958958084604,55.642486572265625,2156200,0.0,0.0
CEG,2022-05-09,59.08599883886346,59.08599883886346,55.18400120725955,56.208274841308594,2193700,0.0,0.0
CEG,2022-05-06,58.78359314167982,59.729828765526,57.26181643506448,58.79335021972656,2861000,0.0,0.0
CEG,2022-05-05,59.720077354117784,60.471212375082175,57.720300510177566,58.6860466003418,1946800,0.0,0.0
CEG,2022-05-04,58.647027287966644,60.76873789797043,58.376813517106704,60.295623779296875,2628900,0.0,0.0
CEG,2022-05-03,57.017945591137426,58.96894455938004,57.017945591137426,58.23731994628906,2224200,0.0,0.0
CEG,2022-05-02,57.84711479736037,58.520211778001496,55.50591842470746,56.77406692504883,2488200,0.0,0.0
CEG,2022-04-29,59.99321385253762,60.344394236340314,57.7007917222761,57.75931930541992,2578400,0.0,0.0
CEG,2022-04-28,58.744578220145996,59.846889922177986,57.35936706255845,59.8078727722168,3354600,0.0,0.0
CEG,2022-04-27,58.539717965585304,59.6908075672577,58.26657932153929,58.617759704589844,1991600,0.0,0.0
CEG,2022-04-26,60.28586212785542,60.69557381057204,58.44216885871783,58.4811897277832,2136500,0.0,0.0
CEG,2022-04-25,60.8321493518045,61.30038866476678,57.9836888797399,60.744354248046875,2261600,0.0,0.0
CEG,2022-04-22,60.96871343331918,62.87679153926328,60.763859449279614,60.900428771972656,2030500,0.0,0.0
CEG,2022-04-21,63.40745971467744,64.67561188595884,60.62728796952781,61.134544372558594,2493700,0.0,0.0
CEG,2022-04-20,66.15836848861986,66.99729856140219,63.47087034210082,63.80741882324219,2182800,0.0,0.0
CEG,2022-04-19,62.071032701703444,65.25115935621615,61.33940809468131,65.07556915283203,2078800,0.0,0.0
CEG,2022-04-18,60.76385932342351,62.59779554041008,60.76385932342351,61.75886917114258,1216800,0.0,0.0
CEG,2022-04-14,62.54902796039528,63.13432614702075,60.657531592852365,61.01749038696289,1860100,0.0,0.0
CEG,2022-04-13,60.51998505437753,62.968490688314496,60.237089328805766,62.62705993652344,3405700,0.0,0.0
CEG,2022-04-12,59.505469161220994,61.66132215085074,59.388410263833315,60.35415267944336,2553000,0.0,0.0
CEG,2022-04-11,62.60755398918535,63.07774691947491,58.92992067543702,59.19330596923828,3487700,0.0,0.0
CEG,2022-04-08,59.7200755184056,63.30991367179872,59.407916002565756,62.45146942138672,4762100,0.0,0.0
CEG,2022-04-07,58.29584160772088,59.57374714165983,57.89588700873767,59.417667388916016,3925800,0.0,0.0
CEG,2022-04-06,57.456912504021346,58.60800202070692,56.93989532437585,58.1397590637207,2559400,0.0,0.0
CEG,2022-04-05,57.21303914421113,58.842121294677405,57.01793852731041,57.55446243286133,2143100,0.0,0.0
CEG,2022-04-04,56.930143191758354,57.261813122697575,56.12047693752285,56.94965362548828,1885100,0.0,0.0
CEG,2022-04-01,54.97914753257771,56.87161505485878,54.335318068607044,56.59847640991211,2156500,0.0,0.0
CEG,2022-03-31,56.910639288660605,57.63251053456528,54.41335930318262,54.87184524536133,3817600,0.0,0.0
CEG,2022-03-30,54.79380101717846,56.3741127678841,54.335318817022134,56.091217041015625,1934100,0.0,0.0
CEG,2022-03-29,55.60346145334205,55.983905594204224,53.2915290980172,54.94987869262695,2201300,0.0,0.0
CEG,2022-03-28,53.047654989640144,55.457135821664814,52.725738422227586,55.388851165771484,3127000,0.0,0.0
CEG,2022-03-25,50.960088306131915,52.50137536298659,50.755230611981915,52.48186492919922,2441200,0.0,0.0
CEG,2022-03-24,49.92606307228732,51.29176381604562,49.52317982717221,51.12592697143555,2335200,0.0,0.0
CEG,2022-03-23,49.45781931354028,50.501603352511,49.45781931354028,49.74071502685547,2396200,0.0,0.0
CEG,2022-03-22,49.1163975140752,50.77474738055398,48.78472754077945,49.88704299926758,3841900,0.0,0.0
CEG,2022-03-21,47.711677694781805,48.21893785260968,47.40927152725892,48.01408386230469,2452000,0.0,0.0
CEG,2022-03-18,49.40904923307854,50.15042718676932,47.68241473899006,47.809226989746094,9663900,0.0,0.0
CEG,2022-03-17,50.60890887971571,51.41857143012752,49.66267329025756,49.74071502685547,2244600,0.0,0.0
CEG,2022-03-16,50.44307087177035,51.11616780988268,49.11639115047416,50.50160217285156,2989800,0.0,0.0
CEG,2022-03-15,50.082145203138005,50.32602008166493,48.67742724246766,50.03337097167969,2117400,0.0,0.0
CEG,2022-03-14,50.58939878142857,50.58939878142857,47.39951534089039,49.70169448852539,2916600,0.0,0.0
CEG,2022-03-11,50.16017671101145,50.56988838873785,47.1068663079153,48.111629486083984,3034100,0.0,0.0
CEG,2022-03-10,49.331005138170504,50.37478921493048,48.062856642420854,50.06262969970703,2692700,0.0,0.0
CEG,2022-03-09,51.15519283758019,52.36481386431653,49.35052023706085,50.072391510009766,3050600,0.0,0.0
CEG,2022-03-08,49.92605545594673,53.96462204216597,49.60413889440787,51.038124084472656,3873700,0.0,0.0
CEG,2022-03-07,49.80899959057081,51.291759091984005,48.64815294892173,50.384544372558594,2726900,0.0,0.0
CEG,2022-03-04,47.96530352646882,49.78949007670927,47.06784586812936,49.75046920776367,2544600,0.0,0.0
CEG,2022-03-03,48.59937742442318,49.096884177890736,46.3820685581023,48.30672836303711,2072200,0.0,0.0
CEG,2022-03-02,46.82397493313482,49.06762298776716,46.170392069219375,48.24820327758789,3517100,0.0,0.0
CEG,2022-03-01,44.502285721749324,46.872749781740545,44.23890041272416,46.61912155151367,4212900,0.0,0.0
CEG,2022-02-28,42.239123514747234,45.47778124337317,41.41970386526146,44.85346221923828,5534900,0.0,0.0
CEG,2022-02-25,43.21462694746668,43.82919267216153,42.668349611058154,42.83418273925781,2040700,0.0,0.0
CEG,2022-02-24,42.09279840698967,43.49751613021039,41.18558371452378,43.234130859375,2447900,0.141,0.0
CEG,2022-02-23,42.48011150683,42.7718067114911,41.0119288771642,41.896728515625,2791200,0.0,0.0
CEG,2022-02-22,44.15247655123246,44.414999980439475,42.28564822228239,42.33426284790039,2611100,0.0,0.0
CEG,2022-02-18,43.899675188816545,44.6289056490357,43.559365415279515,44.15247344970703,2018700,0.0,0.0
CEG,2022-02-17,45.03727632112725,45.776231986921076,43.93856797304491,44.03580093383789,3142600,0.0,0.0
CEG,2022-02-16,46.39850643982553,47.127736928922246,45.64982935926594,45.892906188964844,5855300,0.0,0.0
CEG,2022-02-15,46.379054429860844,47.10828483376099,45.892900827260746,46.670745849609375,2359800,0.0,0.0
CEG,2022-02-14,46.855484982734126,47.643055189494746,45.68871925146213,46.77770233154297,2155000,0.0,0.0
CEG,2022-02-11,45.46508831324511,47.55555051932868,44.78447616155098,46.75825881958008,3456800,0.0,0.0
CEG,2022-02-10,44.24970838858773,47.15690916277326,44.12331109640543,45.74706268310547,2450000,0.0,0.0
CEG,2022-02-09,43.51075809506393,46.135988934231456,42.664851657785675,45.9998664855957,4393100,0.0,0.0
CEG,2022-02-08,43.880229938816875,46.24293699884048,42.94681210233318,44.23998260498047,7277500,0.0,0.0
CEG,2022-02-07,48.615365074065735,48.65425825629891,44.726135868140474,44.79419708251953,9432500,0.0,0.0
CEG,2022-02-04,51.14335881278817,52.82545358460672,48.73203732755,48.75148391723633,6757800,0.0,0.0
CEG,2022-02-03,50.74472054932757,55.00342788896558,48.90706020463026,52.1351203918457,8425500,0.0,0.0
CEG,2022-02-02,48.64939476262556,54.672838084839064,48.42090195764272,51.54200744628906,23860900,0.0,0.0
CEG,2022-02-01,46.18459552713325,48.61536371277184,45.74705651190672,48.40145492553711,298800,0.0,0.0
CEG,2022-01-31,44.726131439208984,46.670745849609375,44.726131439208984,46.670745849609375,71300,0.0,0.0
CEG,2022-01-28,43.31629115702799,46.28182779549606,42.927370447344224,45.45536804199219,43600,0.0,0.0
CEG,2022-01-27,45.951239674385015,48.24588541136018,42.53844280900779,44.49277877807617,151600,0.0,0.0
CEG,2022-01-26,43.76355202585178,43.81217036041429,41.07998538199576,42.02312469482422,90500,0.0,0.0
CEG,2022-01-25,41.32306598129944,43.67604819329829,40.185468062868225,40.737735748291016,23500,0.0,0.0
CEG,2022-01-24,43.67604025726034,43.75382661826279,40.7202290112661,41.614749908447266,110000,0.0,0.0
CEG,2022-01-21,41.80921529134115,48.56675199303233,41.76060066653493,43.75382995605469,329500,0.0,0.0
CEG,2022-01-20,39.815986001821386,47.03050462756073,39.815986001821386,43.75382995605469,153400,0.0,0.0
CEG,2022-01-19,36.94768070039295,41.809217634655184,36.94768070039295,40.836910247802734,129900,0.0,0.0
